Contractor Name,Phone,Domain,ICP Fit Score,ICP Tier,Resimercial Score,O&M Score,Multi-OEM Score,MEP+R Score,OEM Count,OEM Sources,oem_count_verified,is_multi_oem,LicenseNo,BusinessName,MailingAddress,City_license,County,ZIPCode,BusinessPhone,Classifications(s),PrimaryStatus,ExpirationDate,phone_normalized
LT GENERATORS,(818) 787-1470,ltgenerators.com,25,BRONZE,40,20,25,0,1,Generac,1,NO,549974.0,L T ELECTRIC,14932 DELANO ST.,VAN NUYS,Los Angeles,91411,(818) 787 1470,C10,CLEAR,05/31/2027,8187871470
LT GENERATORS,(818) 787-1470,ltgenerators.com,25,BRONZE,40,20,25,0,1,Generac,1,NO,602073.0,LT GENERATORS,14932 DELANO ST,VAN NUYS,Los Angeles,91411,(818) 787 1470,B| C10| C36,CLEAR,09/30/2026,8187871470
"TECHNICAL BUSINESS SOLUTIONS, INC.",(805) 795-8447,solarserviceprovider.com,25,BRONZE,60,0,25,25,1,Generac,1,NO,858789.0,TECHNICAL BUSINESS SOLUTIONS INC,11 WEST KELLY RD,NEWBURY PARK,Ventura,91320,(805) 795 8447,B| C10,CLEAR,05/31/2027,8057958447
SWIHART ENTERPRISES & ELECTRICAL,(530) 308-3274,swihartelectrical.com,25,BRONZE,60,0,25,25,1,Generac,1,NO,805050.0,SWIHART ENTERPRISES & ELECTRICAL,6100 HOSRE SHOE BAR ROAD #314,LOOMIS,Placer,95950,(530) 308 3274,C10,CLEAR,03/31/2026,5303083274
"DEGRYSE ELECTRIC, INCORPORATED",(925) 523-3060,degryseelectric.com,23,BRONZE,60,0,25,0,1,Generac,1,NO,1068778.0,B E S T ELECTRICAL SERVICE TEAM INC,2186 RHEEM DRIVE SUITE A,PLEASANTON,Alameda,94588,(925) 523 3060,C10,CLEAR,09/30/2026,9255233060
"DEGRYSE ELECTRIC, INCORPORATED",(925) 523-3060,degryseelectric.com,23,BRONZE,60,0,25,0,1,Generac,1,NO,532949.0,DEGRYSE ELECTRIC INCORPORATED,2186 RHEEM DRIVE UNIT A,PLEASANTON,Alameda,94588,(925) 523 3060,C10,CLEAR,06/30/2026,9255233060
L H P ELECTRICAL COMPANY,(510) 759-4942,lhpelectrical.com,23,BRONZE,0,40,25,25,1,Generac,1,NO,883038.0,L H P ELECTRICAL COMPANY,6295 LIDO CT,NEWARK,Alameda,94560,(510) 759 4942,C10,CLEAR,02/28/2026,5107594942
"ADI ELECTRICAL SERVICES, INC.",(866) 561-7545,adi-electric.com,23,BRONZE,0,40,25,25,1,Generac,1,NO,720796.0,ADI ELECTRICAL SERVICES,6159 DEBS AVENUE,WOODLAND HILLS,Los Angeles,91367,(866) 561 7545,C10,CLEAR,04/30/2026,8665617545
"ADI ELECTRICAL SERVICES, INC.",(866) 561-7545,adi-electric.com,23,BRONZE,0,40,25,25,1,Generac,1,NO,977443.0,ADI ELECTRICAL SERVICES INC,6159 DEBS AVENUE,WOODLAND HILLS,Los Angeles,91367,(866) 561 7545,C10,CLEAR,10/31/2026,8665617545
AAAA GENERATOR SERVICES,(888) 664-2436,aaaagen.com,21,BRONZE,0,40,25,0,1,Generac,1,NO,914864.0,A A A A GENERATOR SERVICES INC,1174 RUSSELL WAY,HAYWARD,Alameda,94541,(888) 664 2436,A| B| C10| C36,CLEAR,06/30/2026,8886642436
THE KGB DIGITAL SYSTEM SERVICES LLC,(831) 200-3496,thekgbdss.com,21,BRONZE,0,40,25,0,1,Generac,1,NO,1039320.0,KGB DIGITAL SYSTEM SERVICES LLC THE,731 SHAWNEE LN,SAN JOSE,Santa Clara,95123,(831) 200 3496,C-7| C10,CLEAR,01/31/2027,8312003496
SMART HOME POWER ELECTRIC INC.,(818) 388-6446,smarthomepowerinc.com,21,BRONZE,0,40,25,0,1,Generac,1,NO,1044349.0,SMART HOME POWER ELECTRIC INC,11010 SCOVILLE AVE,SUNLAND,Los Angeles,91040,(818) 388 6446,C10,CLEAR,09/30/2026,8183886446
SMART HOME POWER ELECTRIC INC.,(818) 388-6446,smarthomepowerinc.com,21,BRONZE,0,40,25,0,1,Generac,1,NO,857496.0,SMART HOME POWER ELECTRIC,11010 SCOVILLE AVE,SUNLAND,Los Angeles,91040,(818) 388 6446,C10,CLEAR,04/30/2027,8183886446
ALL AMERICAN GENERATOR SERVICES,(818) 340-4767,allamericangenerator.com,21,BRONZE,0,40,25,0,1,Generac,1,NO,858885.0,ALL AMERICAN GENERATOR,9142 JORDAN AVE,CHATSWORTH,Los Angeles,91311,(818) 340 4767,C10,CLEAR,05/31/2027,8183404767
"LEWIS AIR SERVICES, INC.",(949) 589-0609,lewisair.com,21,BRONZE,0,40,25,0,1,Generac,1,NO,575873.0,LEWIS AIR INC,30052 AVENTURA STE A,RANCHO SANTA MARGARITA,Orange,92688,(949) 589 0609,C20,CLEAR,09/30/2027,9495890609
"LEWIS AIR SERVICES, INC.",(949) 589-0609,lewisair.com,21,BRONZE,0,40,25,0,1,Generac,1,NO,972182.0,LEWIS AIR SERVICES INC,30052 AVENTURA STE A,RANCHO SANTA MARGARITA,Orange,92688,(949) 589 0609,B| C20,CLEAR,04/30/2026,9495890609
TOM MCCLELLAN ELECTRIC,(831) 234-3193,,21,BRONZE,0,40,25,0,1,Generac,1,NO,793865.0,MCCLELLAN TOM ELECTRIC TME,115 BENEDICT AVENUE,SANTA CRUZ,Santa Cruz,95065,(831) 234 3193,C10,CLEAR,04/30/2027,8312343193
RADCOM,(323) 227-6777,,21,BRONZE,0,40,25,0,1,Generac,1,NO,557777.0,RAD COM LLC,483 CANYON VISTA DR,LOS ANGELES,Los Angeles,90065,(323) 227 6777,C10,CLEAR,10/31/2026,3232276777
TJ ELECTRIC AND A/C SERVICE,(818) 888-5467,,21,BRONZE,0,40,25,0,1,Generac,1,NO,687668.0,T J ELECTRIC AND A/C SERVICE,23500 LAKE MANOR DR,CHATSWORTH,Los Angeles,91311,(818) 888 5467,C10| C20,CLEAR,04/30/2026,8188885467
D SQUARE CONSTRUCTION SERVICES INC.,(310) 699-7164,,21,BRONZE,0,40,25,0,1,Generac,1,NO,822701.0,D SQUARE CONSTRUCTION SERVICES INC,P O BOX 1162,PACIFIC PALISADES,Los Angeles,90272,(310) 699 7164,B| C33,CLEAR,08/31/2027,3106997164
"ECONO ELECTRIC SERVICES, INC.",(805) 416-4470,,21,BRONZE,0,40,25,0,1,Generac,1,NO,845290.0,ECONO ELECTRIC SERVICES INC,847 HARPER ST,SIMI VALLEY,Ventura,93065,(805) 416 4470,C10,CLEAR,11/30/2026,8054164470
"QPS, INC GENERAL CONTRACTORS",(925) 387-8076,qps.contractors,10,BRONZE,0,0,25,50,1,Generac,1,NO,1018263.0,Q P S INC GENERAL CONTRACTORS,1539 THIRD AVE SUITE B,WALNUT CREEK,Contra Costa,94597,(925) 387 8076,B| C33,CLEAR,09/30/2026,9253878076
A PLUS GENERAL CONTRACTORS INC,(714) 901-0500,aplusgc.com,10,BRONZE,0,0,25,50,1,Generac,1,NO,826934.0,A PLUS HOME IMPROVEMENT SPECIALISTS INC,11330 KNOTT STREET,GARDEN GROVE,Orange,92841,(714) 901 0500,B| C20,CLEAR,10/31/2025,7149010500
PRECISION ELECTRICAL SYSTEMS INC,(626) 808-6654,,10,BRONZE,0,0,25,50,1,Generac,1,NO,793823.0,PRECISION ELECTRICAL SYSTEMS INC,1603 GLENFORD AVENUE,DUARTE,Los Angeles,91010,(626) 808 6654,C10,CLEAR,04/30/2027,6268086654
SMART ELECTRICAL SOLUTIONS INC,(626) 560-4173,,10,BRONZE,0,0,25,50,1,Generac,1,NO,1035726.0,SMART ELECTRICAL SOLUTIONS INC,1434 E FOOTHILL BLVD,GLENDORA,Los Angeles,91741,(626) 560 4173,C10,CLEAR,02/28/2026,6265604173
"EFFICIENT ENERGY SOLUTIONS, INC.",(916) 804-2243,,10,BRONZE,0,0,25,50,1,Generac,1,NO,1068801.0,CALIFORNIA RENEWABLE ENERGY,2024 OPPORTUNITY DR STE 150,ROSEVILLE,Placer,95878,(916) 804 2243,B| C-2| C10| C17| C20| C36| C39,CLEAR,10/31/2027,9168042243
"EFFICIENT ENERGY SOLUTIONS, INC.",(916) 804-2243,,10,BRONZE,0,0,25,50,1,Generac,1,NO,365598.0,EFFICIENT ENERGY SOLUTIONS INC,819 STRIKER AVE #6,SACRAMENTO,Sacramento,95834,(916) 804 2243,B| C-2| C10| C17| C20| C36| C54| D41| D65,CLEAR,01/31/2026,9168042243
GREAT WHITE ELECTRICAL SYSTEMS,(949) 923-8797,,10,BRONZE,0,0,25,50,1,Generac,1,NO,736391.0,GREAT WHITE ELECTRICAL SYSTEMS,81701 AVENIDA PARITO,INDIO,Riverside,92203,(949) 923 8797,C10,CLEAR,05/31/2027,9499238797
"WELLS ELECTRICAL, INC.",(415) 255-7831,wellselectricalinc.com,7,BRONZE,0,0,25,25,1,Generac,1,NO,681529.0,WELLS ELECTRICAL INC,2560 MARIN STREET,SAN FRANCISCO,San Francisco,94124,(415) 255 7831,C10,CLEAR,12/31/2025,4152557831
HITEK ELECTRICAL,(510) 880-5829,ihiredhitek.com,7,BRONZE,0,0,25,25,1,Generac,1,NO,945002.0,HITEK ELECTRICAL,23585 CONNECTICUT ST UNIT 9,HAYWARD,Alameda,94545,(510) 880 5829,C10,CLEAR,03/31/2026,5108805829
ARIE PLUMBING,(323) 934-6104,arieplumbing.com,7,BRONZE,0,0,25,25,1,Generac,1,NO,721792.0,ARIE PLUMBING,2925 W VERNON AVE,LOS ANGELES,Los Angeles,90008,(323) 934 6104,B| C20| C34| C36,CLEAR,05/31/2026,3239346104
"DES ELECTRICAL, INC",(562) 632-1311,deselectrical.net,7,BRONZE,0,0,25,25,1,Generac,1,NO,1005472.0,D E S ELECTRICAL INC,7331 WHITTIER AVE,WHITTIER,Los Angeles,906021132,(562) 632 1311,C10,CLEAR,08/31/2026,5626321311
TOTAL POWER SOLUTIONS LLC.,(714) 650-2445,totalpwrsolutions.com,7,BRONZE,0,0,25,25,1,Generac,1,NO,1111682.0,TOTAL POWER SOLUTIONS LLC,8175 LIMONITE AVE,RIVERSIDE,Riverside,92509,(714) 650 2445,C10,CLEAR,10/31/2025,7146502445
HOLLAND ELECTRICAL,(818) 292-1271,myquiethome.health,7,BRONZE,0,0,25,25,1,Generac,1,NO,650101.0,HOLLAND ELECTRICAL,853 OLD TOPANGA CYN ROAD,TOPANGA,Los Angeles,90290,(818) 292 1271,C10,CLEAR,07/31/2026,8182921271
AC ELECTRIC CONTRACTORS INC,(818) 272-3926,acelectriccontractors.com,7,BRONZE,0,0,25,25,1,Generac,1,NO,1081082.0,AC ELECTRIC CONTRACTORS,1305 KNOX STREET,SAN FERNANDO,Los Angeles,91340,(818) 272 3926,C10,CLEAR,10/31/2026,8182723926
"OFFGRID SYSTEMS, INC.",(619) 368-8185,offgridsys.com,7,BRONZE,0,0,25,25,1,Generac,1,NO,1134949.0,OFFGRID SOLAR & ELECTRIC SYSTEMS,9625 MISSION GORGE RD #B2-369,SANTEE,San Diego,92071,(619) 368 8185,C10| C46,CLEAR,03/31/2027,6193688185
ELECTRICAL INSIGHT INC.,(760) 304-9070,electricalinsight.com,7,BRONZE,0,0,25,25,1,Generac,1,NO,1018854.0,ELECTRICAL INSIGHT INC,1313 SIMPSON WAY SUITE F,ESCONDIDO,San Diego,92029,(760) 304 9070,C10,CLEAR,03/31/2027,7603049070
UNIVERSAL POWER SYSTEMS INC.,(909) 265-6523,universalpowersystems.us,7,BRONZE,0,0,25,25,1,Generac,1,NO,1095337.0,UNIVERSAL POWER SYSTEMS,16118 DARTOLO ROAD,RAMONA,San Diego,92065,(909) 265 6523,C10,CLEAR,08/31/2026,9092656523
CMCONTROLS,(916) 240-7858,cmcontrolsinc.com,7,BRONZE,0,0,25,25,1,Generac,1,NO,847660.0,CMCONTROLS,2485 DAVIS ROAD,WEST SACRAMENTO,Yolo,95691,(916) 240 7858,C10| D21,CLEAR,09/30/2026,9162407858
SIERRA VALLEY MECHANICAL,(916) 635-3120,sierravalleymechanical.com,7,BRONZE,0,0,25,25,1,Generac,1,NO,826606.0,SIERRA VALLEY MECHANICAL,11476 ELKS CIRCLE,RANCHO CORDOVA,Sacramento,95742,(916) 635 3120,B| C10| C17| C20| C46,CLEAR,10/31/2027,9166353120
BROWER MECHANICAL INC,(916) 624-0808,browermechanical.com,7,BRONZE,0,0,25,25,1,Generac,1,NO,1081055.0,BROWER MECHANICAL CA LLC,4060 ALVIS COURT,ROCKLIN,Placer,95677,(916) 624 0808,B| C-2| C10| C20| C36| C46,CLEAR,09/30/2027,9166240808
WILD PEAK ENERGY,(916) 995-9655,wildpeakenergy.com,7,BRONZE,0,0,25,25,1,Generac,1,NO,1138152.0,WILD PEAK ENERGY,6561 HIGHGRADE COURT,PLACERVILLE,El Dorado,95667,(916) 995 9655,C10,CLEAR,05/31/2027,9169959655
TAYLOR ELECTRICAL CONSTRUCTION INC,(408) 278-8888,,7,BRONZE,0,0,25,25,1,Generac,1,NO,709694.0,TAYLOR ELECTRICAL CONSTRUCTION INC,751 AZULE AVE,SAN JOSE,Santa Clara,95123,(408) 278 8888,C10,CLEAR,11/30/2025,4082788888
GENESIS ELECTRICAL,(310) 651-1608,,7,BRONZE,0,0,25,25,1,Generac,1,NO,896880.0,GENESIS ELECTRICAL,1627 E FERNROCK ST,CARSON,Los Angeles,90746,(310) 651 1608,C10,CLEAR,05/31/2027,3106511608
NEW ERA ELECTRICAL INC.,(323) 620-4244,,7,BRONZE,0,0,25,25,1,Generac,1,NO,1093194.0,NEW ERA ELECTRICAL INC,646 EAST 110TH STREET,LOS ANGELES,Los Angeles,90059,(323) 620 4244,C10,CLEAR,06/30/2026,3236204244
BOSMAN ELECTRICAL CONSTRUCTION INC,(818) 353-0850,,7,BRONZE,0,0,25,25,1,Generac,1,NO,756874.0,BOSMAN ELECTRICAL CONSTRUCTION INC,P O BOX 740,MONTROSE,Los Angeles,91021,(818) 353 0850,C10,CLEAR,12/31/2026,8183530850
POWER HOUSE ELECTRICAL LLC,(818) 269-9266,,7,BRONZE,0,0,25,25,1,Generac,1,NO,1022291.0,JETT ELECTRICAL SERVICES,23820 OAKHURST DRIVE,NEWHALL,Los Angeles,91321,(818) 269 9266,C10,CLEAR,01/31/2027,8182699266
AETERNA ENERGY LLC,(805) 823-3232,,7,BRONZE,0,0,25,25,1,Generac,1,NO,1009773.0,AETERNA ENERGY LLC,2645 NUTMEG CIRCLE,SIMI VALLEY,Ventura,93065,(805) 823 3232,B| C-7| C10| C20| C43| C46,CLEAR,12/31/2025,8058233232
BEARDSLEE ELECTRICAL CONCEPTS INC,(530) 306-4452,,7,BRONZE,0,0,25,25,1,Generac,1,NO,1047075.0,BEARDSLEE ELECTRICAL CONCEPTS INC,2347 GLACIER DRIVE,ROCKLIN,Placer,95677,(530) 306 4452,C10,CLEAR,02/28/2027,5303064452
"J & J OWENS ELECTRIC, INC.",(650) 222-0417,owenselectricinc.com,5,BRONZE,0,0,25,0,1,Generac,1,NO,464389.0,OWENS ELECTRIC & SOLAR,P O BOX 1646,BURLINGAME,San Mateo,940111646,(650) 222 0417,B| C10,CLEAR,10/31/2026,6502220417
"CENTURY ROOF AND SOLAR, INC.",(510) 780-9489,centuryroofandsolar.com,5,BRONZE,0,0,25,0,1,Generac,1,NO,721502.0,CENTURY ROOF AND SOLAR INC,23135 SAKLAN ROAD,HAYWARD,Alameda,94545,(510) 780 9489,C10| C39,CLEAR,09/30/2026,5107809489
KEPLER ELECTRIC LLC,(650) 468-2419,keplerelectric.com,5,BRONZE,0,0,25,0,1,Generac,1,NO,1101817.0,KEPLER ELECTRIC LLC,611 GATEWAY BLVD,SOUTH SAN FRANCISCO,San Mateo,94030,(650) 468 2419,C10,CLEAR,12/31/2026,6504682419
MARIN ELECTRIC INC,(415) 726-0809,marinelectricians.com,5,BRONZE,0,0,25,0,1,Generac,1,NO,1081103.0,MARIN ELECTRIC,PO BOX 425,CORTE MADERA,Marin,94976,(415) 726 0809,C10,CLEAR,09/30/2027,4157260809
DIVINE ELECTRIC INC,(415) 299-0381,divineelectricandplumbing.com,5,BRONZE,0,0,25,0,1,Generac,1,NO,817357.0,DIVINE ELECTRIC AND PLUMBING,2935 KERNER BLVD STE B,SAN RAFAEL,Marin,94901,(415) 299 0381,C10| C36,CLEAR,11/30/2025,4152990381
ILLUMINATE ELECTRIC SF INC.,(510) 631-1724,illluminateelectric.net,5,BRONZE,0,0,25,0,1,Generac,1,NO,1054335.0,ILLUMINATE ELECTRIC SF INC,5726 NOTTINGHAM DRIVE,EL SOBRANTE,Contra Costa,94803,(510) 631 1724,C10,CLEAR,10/31/2026,5106311724
"BRAZIL ELECTRIC, INC",(925) 944-9600,brazilelectricinc.com,5,BRONZE,0,0,25,0,1,Generac,1,NO,828012.0,BRAZIL ELECTRIC INC,3380 VINCENT RD #107,PLEASANT HILL,Contra Costa,94523,(925) 944 9600,C10,CLEAR,12/31/2025,9259449600
IN & OUT ELECTRIC INC.,(408) 390-5494,inoutelectric.com,5,BRONZE,0,0,25,0,1,Generac,1,NO,1013904.0,IN & OUT ELECTRIC INC,33132 NAVARRO DRIVE,UNION CITY,Alameda,94587,(408) 390 5494,C10,CLEAR,11/30/2026,4083905494
OFFERING,1-888-Generac,generacpowerproducts.com,5,BRONZE,0,0,25,0,1,Generac,1,NO,1002780.0,"MUNOZ ENTERPRISES, INC.",4966 HOLLYHOCK LANGE,RIVERSIDE,Riverside,92505,,B| B-2| C21,CLEAR,04/30/2027,
OFFERING,1-888-Generac,generacpowerproducts.com,5,BRONZE,0,0,25,0,1,Generac,1,NO,1009329.0,NUSTAR ELECTRIC,25683 FICUS CT,MORENO VALLEY,Riverside,92557,,C10,CLEAR,06/30/2027,
OFFERING,1-888-Generac,generacpowerproducts.com,5,BRONZE,0,0,25,0,1,Generac,1,NO,1012750.0,EIFFEL GLASS  WINDOWS & DOORS,23632 VIA FABRICANTE #G,MISSION VIEJO,Orange,92691,(949) 584 526+,B| C17,CLEAR,04/30/2026,
OFFERING,1-888-Generac,generacpowerproducts.com,5,BRONZE,0,0,25,0,1,Generac,1,NO,1012987.0,SORENSEN KURT,34660 ALMOND ST,WILDOMAR,Riverside,92595,,B| C10,CLEAR,04/30/2026,
OFFERING,1-888-Generac,generacpowerproducts.com,5,BRONZE,0,0,25,0,1,Generac,1,NO,1016763.0,SG QUALITY BUILDERS INC,5726 W 6TH ST,RIO LINDA,Sacramento,95673,,B| C36,CLEAR,08/31/2026,
OFFERING,1-888-Generac,generacpowerproducts.com,5,BRONZE,0,0,25,0,1,Generac,1,NO,1025247.0,VISIONARY LANDSCAPE DESIGN & MAINTENANCE,1219 S CITRUS AVE,ESCONDIDO,San Diego,92027,,C27,CLEAR,03/31/2027,
OFFERING,1-888-Generac,generacpowerproducts.com,5,BRONZE,0,0,25,0,1,Generac,1,NO,1026006.0,WINDOW CRAFTERS INC,17552 GRIFFIN LANE,HUNTINGTON BEACH,Orange,92627,,B| C17| D28,CLEAR,04/30/2027,
OFFERING,1-888-Generac,generacpowerproducts.com,5,BRONZE,0,0,25,0,1,Generac,1,NO,1035084.0,MAXON MECHANICAL INC,3930 SIERRA COLLEGE BLVD,LOOMIS,Placer,95650,,C20,CLEAR,01/31/2026,
OFFERING,1-888-Generac,generacpowerproducts.com,5,BRONZE,0,0,25,0,1,Generac,1,NO,1036182.0,APN LANDSCAPING INC,17442 HEMPHILL ST,LA PUENTE,Los Angeles,91744,,C27| D49,CLEAR,02/28/2026,
OFFERING,1-888-Generac,generacpowerproducts.com,5,BRONZE,0,0,25,0,1,Generac,1,NO,1036236.0,CAPITOL GARAGE DOOR & GENERAL CONSTRUCTION INC,5540 HACKBERRY LANE,SACRAMENTO,Sacramento,95841,,B| D28,CLEAR,02/28/2026,
OFFERING,1-888-Generac,generacpowerproducts.com,5,BRONZE,0,0,25,0,1,Generac,1,NO,1036742.0,LA TAMIX PLUMBING INC,1154 MAGNOLIA AVE #106,LOS ANGELES,Los Angeles,90006,,C36,CLEAR,05/31/2027,
OFFERING,1-888-Generac,generacpowerproducts.com,5,BRONZE,0,0,25,0,1,Generac,1,NO,1044118.0,ANDY CONSTRUCTION LP,2820 GIBSON VIEW WAY,ANTELOPE,Sacramento,95843,,B| C17,CLEAR,09/30/2026,
OFFERING,1-888-Generac,generacpowerproducts.com,5,BRONZE,0,0,25,0,1,Generac,1,NO,1061250.0,PLANET HOME CONSTRUCTION,3000 LOWELL AVE,RICHMOND,Contra Costa,94804,,B| C36,CLEAR,12/31/2025,
OFFERING,1-888-Generac,generacpowerproducts.com,5,BRONZE,0,0,25,0,1,Generac,1,NO,1062022.0,TRINITY LANDSCAPING,1885 EAGLEROCK DR,SAN MARCOS,San Diego,92069,,C27,CLEAR,01/31/2026,
OFFERING,1-888-Generac,generacpowerproducts.com,5,BRONZE,0,0,25,0,1,Generac,1,NO,1064153.0,GRAND CONCRETE INC,P O BOX 311197,FONTANA,San Bernardino,92331,,A| C-8,CLEAR,03/31/2026,
OFFERING,1-888-Generac,generacpowerproducts.com,5,BRONZE,0,0,25,0,1,Generac,1,NO,1067111.0,MELGAR ELECTRICS LLC,3609 PACKARD AVE,JURUPA VALLEY,Riverside,92509,,C10| D06,CLEAR,06/30/2027,
OFFERING,1-888-Generac,generacpowerproducts.com,5,BRONZE,0,0,25,0,1,Generac,1,NO,1067988.0,DEL SOL PLUMBING AND DRAIN,2043 KELTIC LODGE DR,OXNARD,Ventura,93036,,C36,CLEAR,08/31/2026,
OFFERING,1-888-Generac,generacpowerproducts.com,5,BRONZE,0,0,25,0,1,Generac,1,NO,1068108.0,GREY BEARD ELECTRIC,16057 NOTRE DAME ST,FONTANA,San Bernardino,92336,,C10,CLEAR,08/31/2026,
OFFERING,1-888-Generac,generacpowerproducts.com,5,BRONZE,0,0,25,0,1,Generac,1,NO,1070150.0,CENTRAL COAST SOLAR,1242 14TH STREET,LOS OSOS,San Luis Obispo,93402,,C10,CLEAR,10/31/2026,
OFFERING,1-888-Generac,generacpowerproducts.com,5,BRONZE,0,0,25,0,1,Generac,1,NO,1075924.0,ABOVE ALL MAINTENANCE & REPAIR,1983 BANKSTWON WAY,PERRIS,Riverside,92571,,B| C36,CLEAR,05/31/2027,
OFFERING,1-888-Generac,generacpowerproducts.com,5,BRONZE,0,0,25,0,1,Generac,1,NO,1077715.0,GOMRINGER CONSTRUCTION SERVICES,528 W GREENDALE STREET,COVINA,Los Angeles,91723,,B| HAZ,CLEAR,07/31/2027,
OFFERING,1-888-Generac,generacpowerproducts.com,5,BRONZE,0,0,25,0,1,Generac,1,NO,1079325.0,SERVICE STAR PLUMBING,2035 CARROLL AVE,SAN FRANCISCO,San Francisco,94124,,C36,CLEAR,08/31/2027,
OFFERING,1-888-Generac,generacpowerproducts.com,5,BRONZE,0,0,25,0,1,Generac,1,NO,1080240.0,WANG PAUL,1372 FALLEN LEAF DR,MILPITAS,Santa Clara,95035,,B| C10,CLEAR,08/31/2027,
OFFERING,1-888-Generac,generacpowerproducts.com,5,BRONZE,0,0,25,0,1,Generac,1,NO,1082242.0,CGS LANDSCAPING,1782 W EUCILD AVE APT 142,EL CENTRO,Imperial,92243,,C27,CLEAR,10/31/2025,
OFFERING,1-888-Generac,generacpowerproducts.com,5,BRONZE,0,0,25,0,1,Generac,1,NO,1083770.0,DENIZ CONSTRUCTION INC,P O BOX 924,EXETER,Tulare,93221,,B| C-8,CLEAR,11/30/2025,
OFFERING,1-888-Generac,generacpowerproducts.com,5,BRONZE,0,0,25,0,1,Generac,1,NO,1084187.0,CORA ELECTRIC COMPANY,1267 BAY VIEW AVENUE,WILMINGTON,Los Angeles,90744,,C10,CLEAR,11/30/2027,
OFFERING,1-888-Generac,generacpowerproducts.com,5,BRONZE,0,0,25,0,1,Generac,1,NO,1084993.0,TRAN GIAO,9148 ROBINSON RD,FRANKLIN PARK,,60131,,C36,Contr Bond Susp,12/31/2025,
OFFERING,1-888-Generac,generacpowerproducts.com,5,BRONZE,0,0,25,0,1,Generac,1,NO,1085126.0,SRD ELECTRIC INC,3923 BAYBERRY DR,CHINO HILLS,San Bernardino,91709,,C10,CLEAR,12/31/2025,
OFFERING,1-888-Generac,generacpowerproducts.com,5,BRONZE,0,0,25,0,1,Generac,1,NO,1085498.0,LIGHTNING STAR ELECTRIC COMPANY,5333 STANDING ROCK PL,LAS VEGAS,,89130,,C10,CLEAR,12/31/2025,
OFFERING,1-888-Generac,generacpowerproducts.com,5,BRONZE,0,0,25,0,1,Generac,1,NO,1089266.0,KEEP IT FLOWING SEWER & DRAIN SPECIALIST,P O BOX 280609,NORTHRIDGE,Los Angeles,91342,,A| C36,CLEAR,03/31/2026,
OFFERING,1-888-Generac,generacpowerproducts.com,5,BRONZE,0,0,25,0,1,Generac,1,NO,1091016.0,GRAVITY ELECTRIC INC,924 14TH PL,ESCONDIDO,San Diego,92025,,C10,CLEAR,05/31/2026,
OFFERING,1-888-Generac,generacpowerproducts.com,5,BRONZE,0,0,25,0,1,Generac,1,NO,1091532.0,CONSTRUCTION CLEAN UP COMPANY,552 E CARSON STREET 104 367,CARSON,Los Angeles,90745,,B| D63,CLEAR,05/31/2026,
OFFERING,1-888-Generac,generacpowerproducts.com,5,BRONZE,0,0,25,0,1,Generac,1,NO,1094028.0,BRIDGEROCK CONSTRUCTION INC,524 S 4TH AVE,LA PUENTE,Los Angeles,91746,,B| C10,CLEAR,12/31/2025,
OFFERING,1-888-Generac,generacpowerproducts.com,5,BRONZE,0,0,25,0,1,Generac,1,NO,1099226.0,HOUSERIGHT AUDIO VIDEO PRODUCTION,961 BEASLEY STREET SUITE 120,LEXINGTON,,40509,,C-7,CLEAR,12/31/2026,
OFFERING,1-888-Generac,generacpowerproducts.com,5,BRONZE,0,0,25,0,1,Generac,1,NO,1099475.0,ILLESCAS JULIO G,3840 W 111 ST,INGLEWOOD,Los Angeles,90303,,C27,CLEAR,12/31/2026,
OFFERING,1-888-Generac,generacpowerproducts.com,5,BRONZE,0,0,25,0,1,Generac,1,NO,1099847.0,SEQUOIA OUTDOOR DESIGN & BUILD INC,204 E 2ND AVE #144,SAN MATEO,San Mateo,94401,,A| C-8| C27| D06| D12,CLEAR,12/31/2026,
OFFERING,1-888-Generac,generacpowerproducts.com,5,BRONZE,0,0,25,0,1,Generac,1,NO,1103759.0,BARIOM INC,1675 MORENA BLVD STE 206,SAN DIEGO,San Diego,92110,,C10,CLEAR,04/30/2027,
OFFERING,1-888-Generac,generacpowerproducts.com,5,BRONZE,0,0,25,0,1,Generac,1,NO,1105351.0,THE LEAK EXPERTS LLC,1090 PENDLETON WAY,COACHELLA,Riverside,92236,,C36,CLEAR,05/31/2027,
OFFERING,1-888-Generac,generacpowerproducts.com,5,BRONZE,0,0,25,0,1,Generac,1,NO,1108367.0,FANCY REMODELING,574 COMBES AVE,THOUSAND OAKS,Ventura,91360,,B| B-2| C39,CLEAR,09/30/2027,
OFFERING,1-888-Generac,generacpowerproducts.com,5,BRONZE,0,0,25,0,1,Generac,1,NO,1109971.0,J S BUILDERS INC,P O BOX 743,PALO CEDRO,Shasta,96073,,A| B| HAZ,CLEAR,09/30/2027,
OFFERING,1-888-Generac,generacpowerproducts.com,5,BRONZE,0,0,25,0,1,Generac,1,NO,1111760.0,W DRAGON PLUMBING & DEVELOPMENT,3317 SAN JOSE AVE,DALY CITY,San Mateo,94014,,A| B| C36,CLEAR,10/31/2027,
OFFERING,1-888-Generac,generacpowerproducts.com,5,BRONZE,0,0,25,0,1,Generac,1,NO,1111850.0,NORDIC WEST COMPANY INC,101 W AMERICAN CANYON RD508 - 354,AMERICAN CANYON,Napa,94503,,A| B| C21,CLEAR,10/31/2027,
OFFERING,1-888-Generac,generacpowerproducts.com,5,BRONZE,0,0,25,0,1,Generac,1,NO,1116833.0,SHERLOCK PLUMBING HEATING AND COOLING,P O BOX 429,ALPINE,San Diego,91903,,C20| C36,CLEAR,02/28/2026,
OFFERING,1-888-Generac,generacpowerproducts.com,5,BRONZE,0,0,25,0,1,Generac,1,NO,1117901.0,MARS ENERGY EPC,555 MENLO STREET STE A,ROCKLIN,Placer,95765,,B| C10,CLEAR,03/31/2026,
OFFERING,1-888-Generac,generacpowerproducts.com,5,BRONZE,0,0,25,0,1,Generac,1,NO,1118870.0,PATRONA ELECTRIC,PMB 382808548 MARKET ST,SAN FRANCISCO,San Francisco,94104,,C10,CLEAR,04/30/2026,
OFFERING,1-888-Generac,generacpowerproducts.com,5,BRONZE,0,0,25,0,1,Generac,1,NO,1119216.0,AV EXPERTS,7907 LAURELRIDGE CT,FAIR OAKS,Sacramento,95628,,B| C-7,Contr Bond Susp,04/30/2026,
OFFERING,1-888-Generac,generacpowerproducts.com,5,BRONZE,0,0,25,0,1,Generac,1,NO,1119833.0,ARCTIC HVAC & CONSTRUCTION,9880 WATERMAN RD STE 110,ELK GROVE,Sacramento,95624,,B| C20,CLEAR,04/30/2026,
OFFERING,1-888-Generac,generacpowerproducts.com,5,BRONZE,0,0,25,0,1,Generac,1,NO,1119938.0,PUROCLEAN OF WALNUT CREEK REMEDIATION,39 STONE CREEK PLACE,ALAMO,Contra Costa,94507,,ASB| D64,CLEAR,04/30/2026,
OFFERING,1-888-Generac,generacpowerproducts.com,5,BRONZE,0,0,25,0,1,Generac,1,NO,1120040.0,ALL ABOUT CONSTRUCTION AND ELECTRICAL LLC,8325 CRATER HILL RD,NEWCASTLE,Placer,95658,,B| C10,CLEAR,04/30/2026,
OFFERING,1-888-Generac,generacpowerproducts.com,5,BRONZE,0,0,25,0,1,Generac,1,NO,1120240.0,VISION BUILD CONSTRUCTION LLC,1016 ESCALERO AVE,PACIFICA,San Mateo,94044,,A| B| C-8,CLEAR,05/31/2026,
OFFERING,1-888-Generac,generacpowerproducts.com,5,BRONZE,0,0,25,0,1,Generac,1,NO,1122754.0,TCM CAPITAL INC,1077 N WILLOW AVE STE 105-1000,CLOVIS,Fresno,93611,,B| C47,CLEAR,06/30/2026,
OFFERING,1-888-Generac,generacpowerproducts.com,5,BRONZE,0,0,25,0,1,Generac,1,NO,1123891.0,IRA CONSTRUCTION,1850 MAYETTE AVENUE,CONCORD,Contra Costa,94520,,B| C-8,CLEAR,07/31/2026,
OFFERING,1-888-Generac,generacpowerproducts.com,5,BRONZE,0,0,25,0,1,Generac,1,NO,1124525.0,COMPASS CUSTOM FLOORS INC,4539 E 6TH LOS ANGELES,LOS ANGELES,Los Angeles,90022,,C15,Work Comp Susp,08/31/2026,
OFFERING,1-888-Generac,generacpowerproducts.com,5,BRONZE,0,0,25,0,1,Generac,1,NO,1125438.0,R C I APEX JV,PO BOX 2531,OROVILLE,Butte,95965,,A| HAZ,CLEAR,08/31/2026,
OFFERING,1-888-Generac,generacpowerproducts.com,5,BRONZE,0,0,25,0,1,Generac,1,NO,1126442.0,OLSEN AV,631 BLANTON ROAD,GADSEN,,35904,,C10,CLEAR,09/30/2026,
OFFERING,1-888-Generac,generacpowerproducts.com,5,BRONZE,0,0,25,0,1,Generac,1,NO,1127200.0,AQUILA ENERGY LLC,2349 LA MIRADA DR,VISTA,San Diego,92081,,B| C10,CLEAR,10/31/2026,
OFFERING,1-888-Generac,generacpowerproducts.com,5,BRONZE,0,0,25,0,1,Generac,1,NO,1128073.0,AARON MOUTON CONSTRUCTION,7536 OUTLOOK AVE,OAKLAND,Alameda,94605,,ASB| B| HAZ,CLEAR,10/31/2026,
OFFERING,1-888-Generac,generacpowerproducts.com,5,BRONZE,0,0,25,0,1,Generac,1,NO,1129470.0,NORTH BAY DESIGN AND BUILD INC,2163 ALDENGATE WAY #94,HAYWARD,Alameda,94545,,A| B| C10| C20,CLEAR,11/30/2026,
OFFERING,1-888-Generac,generacpowerproducts.com,5,BRONZE,0,0,25,0,1,Generac,1,NO,1130636.0,HOME SOLUTIONS HVAC,7281 CURINTH CT,ROHNERT PARK,Sonoma,94928,,C20,CLEAR,04/30/2027,
OFFERING,1-888-Generac,generacpowerproducts.com,5,BRONZE,0,0,25,0,1,Generac,1,NO,1131774.0,AIR MAXX HVAC LLC,2138 MELVILLE DR,SAN MARINO,Los Angeles,91108,,C20,CLEAR,01/31/2027,
OFFERING,1-888-Generac,generacpowerproducts.com,5,BRONZE,0,0,25,0,1,Generac,1,NO,1132144.0,ART MAJOR ROOFING & CONSTRUCTION INC,459 DARIEN AVE,OAKLAND,Alameda,94603,(X) 515 2136,B| C39,CLEAR,01/31/2027,
OFFERING,1-888-Generac,generacpowerproducts.com,5,BRONZE,0,0,25,0,1,Generac,1,NO,1132380.0,CESAR ALVARDO-MACIAS,2515 PIONEER AVE SUITE 2,VISTA,San Diego,92081,,C36,CLEAR,01/31/2027,
OFFERING,1-888-Generac,generacpowerproducts.com,5,BRONZE,0,0,25,0,1,Generac,1,NO,1133882.0,MAST PLUMBING SERVICES,3670 MOUNTAIN RANCH RD,SAN ANDREAS,Calaveras,95249,,C36,CLEAR,03/31/2027,
OFFERING,1-888-Generac,generacpowerproducts.com,5,BRONZE,0,0,25,0,1,Generac,1,NO,1134328.0,FLORES LANDSCAPING,1117 HUTASH STREET,SANTA BARBARA,Santa Barbara,93103,,C27,CLEAR,03/31/2027,
OFFERING,1-888-Generac,generacpowerproducts.com,5,BRONZE,0,0,25,0,1,Generac,1,NO,1134877.0,RR CONSTRUCTION,1232 ASHLAND DRIVE,LEMOORE,Kings,93245,,B| C20,CLEAR,03/31/2027,
OFFERING,1-888-Generac,generacpowerproducts.com,5,BRONZE,0,0,25,0,1,Generac,1,NO,1135771.0,COCOTIS INFRASTRUCTURE LLC,11 HAWK CANYON PLACE,LAFAYETTE,Contra Costa,94549,,A| B| C10| C13,CLEAR,04/30/2027,
OFFERING,1-888-Generac,generacpowerproducts.com,5,BRONZE,0,0,25,0,1,Generac,1,NO,1142191.0,HILLSIDE PLUMBING SERVICES INC,2322 DENAIR AVE,HIGHLAND,San Bernardino,92346,,C36,CLEAR,08/31/2027,
OFFERING,1-888-Generac,generacpowerproducts.com,5,BRONZE,0,0,25,0,1,Generac,1,NO,1143095.0,RED WOOD FLOORING SERVICE INC,15574 CHASE ST,NORTH HILLS,Los Angeles,91343,,C15,CLEAR,09/30/2027,
OFFERING,1-888-Generac,generacpowerproducts.com,5,BRONZE,0,0,25,0,1,Generac,1,NO,1143110.0,A-Z LANDSCAPING INC,216 W MEADOW LN,KINGSBURG,Fresno,93631,,C27,CLEAR,09/30/2027,
OFFERING,1-888-Generac,generacpowerproducts.com,5,BRONZE,0,0,25,0,1,Generac,1,NO,1145315.0,GT ROOTER & HYDROJET,706 ARROW GRAND CIRCLE,COVINA,Los Angeles,91722,,C36,CLEAR,10/31/2027,
OFFERING,1-888-Generac,generacpowerproducts.com,5,BRONZE,0,0,25,0,1,Generac,1,NO,1145459.0,TITANIUM PLUMBING LLC,P O BOX 73,GONZALES,Monterey,93926,,C36,CLEAR,10/31/2027,
OFFERING,1-888-Generac,generacpowerproducts.com,5,BRONZE,0,0,25,0,1,Generac,1,NO,335403.0,AQUOS POOLS COM,16321 S. AUSTIN RD,MANTECA,San Joaquin,95336,,C27| C53,CLEAR,03/31/2027,
OFFERING,1-888-Generac,generacpowerproducts.com,5,BRONZE,0,0,25,0,1,Generac,1,NO,378454.0,HUNSAKER ELECTRIC,11596 ORCHID,FOUNTAIN VALLEY,Orange,92708,(X) 720 5759,C10,CLEAR,07/31/2027,
OFFERING,1-888-Generac,generacpowerproducts.com,5,BRONZE,0,0,25,0,1,Generac,1,NO,379245.0,BOSLEY ELECTRIC CONTRACTING COMPANY,935 ARDEN WAY,SACRAMENTO,Sacramento,95815,,B| C10| C36,CLEAR,12/31/2025,
OFFERING,1-888-Generac,generacpowerproducts.com,5,BRONZE,0,0,25,0,1,Generac,1,NO,494856.0,OCEAN AIR & HEATING,1617 AROMAS HEIGHTS LANE,AROMAS,Monterey,95004,,C20| C43,CLEAR,07/31/2026,
OFFERING,1-888-Generac,generacpowerproducts.com,5,BRONZE,0,0,25,0,1,Generac,1,NO,533772.0,MARTEL CONSTRUCTION INC,1203 SOUTH CHURCH,BOZEMAN,,59715,,A| B,CLEAR,03/31/2026,
OFFERING,1-888-Generac,generacpowerproducts.com,5,BRONZE,0,0,25,0,1,Generac,1,NO,534020.0,VETERAN PLUMBING AND AIR,3671 W MCFADDEN AVE,SANTA ANA,Orange,92704,,C20| C36,CLEAR,01/31/2027,
OFFERING,1-888-Generac,generacpowerproducts.com,5,BRONZE,0,0,25,0,1,Generac,1,NO,538928.0,GIBSON ENTERPRISES INC,P O BOX 246,LEMOORE,Kings,93245,,B| C13,CLEAR,02/28/2026,
OFFERING,1-888-Generac,generacpowerproducts.com,5,BRONZE,0,0,25,0,1,Generac,1,NO,546667.0,GRAVES JOHN R,216 S 8TH STREET,EL CENTRO,Imperial,92243,,C10,CLEAR,11/30/2026,
OFFERING,1-888-Generac,generacpowerproducts.com,5,BRONZE,0,0,25,0,1,Generac,1,NO,552616.0,WEST COAST HOME REPAIR,1700 MARTINGALE AVE,LOS OSOS,San Luis Obispo,93402,,B| C33,CLEAR,01/31/2026,
OFFERING,1-888-Generac,generacpowerproducts.com,5,BRONZE,0,0,25,0,1,Generac,1,NO,594761.0,CANZAM ELECTRIC INC,184 A MORRIS LANE,CAMPBELL,Santa Clara,95008,,C10,CLEAR,05/31/2026,
OFFERING,1-888-Generac,generacpowerproducts.com,5,BRONZE,0,0,25,0,1,Generac,1,NO,603873.0,BLACK DIAMOND SERVICE CONTRACTORS INC,P O BOX 231418,ENCINITAS,San Diego,92023,,A| B| C33,CLEAR,05/31/2026,
OFFERING,1-888-Generac,generacpowerproducts.com,5,BRONZE,0,0,25,0,1,Generac,1,NO,641602.0,RAFAEL PAINTING SERVICES INC,10866 WASHINGTON BL #101,CULVER CITY,Los Angeles,90232,,B| C33,CLEAR,06/30/2026,
OFFERING,1-888-Generac,generacpowerproducts.com,5,BRONZE,0,0,25,0,1,Generac,1,NO,697322.0,SYSTEMS MECHANICAL INC,660 MARINA WY SOUTH,RICHMOND,Contra Costa,94804,,C-7| C10| C20,CLEAR,01/31/2027,
OFFERING,1-888-Generac,generacpowerproducts.com,5,BRONZE,0,0,25,0,1,Generac,1,NO,718978.0,COLE SERVICES PLUMBING HEATING AND AIR,10652 TRASK AVENUE,GARDEN GROVE,Orange,92843,,C10| C20| C36,CLEAR,02/28/2026,
OFFERING,1-888-Generac,generacpowerproducts.com,5,BRONZE,0,0,25,0,1,Generac,1,NO,726564.0,PRIME FLOW PLUMBING,7736 GENTRY AVE,NORTH HOLLYWOOD,Los Angeles,91605,,C36,CLEAR,07/31/2026,
OFFERING,1-888-Generac,generacpowerproducts.com,5,BRONZE,0,0,25,0,1,Generac,1,NO,758690.0,KAUFMANN ELECTRIC INC,1710 CALLOWAY CIRCLE,AUBURN,Placer,95603,,C10,CLEAR,03/31/2027,
OFFERING,1-888-Generac,generacpowerproducts.com,5,BRONZE,0,0,25,0,1,Generac,1,NO,772134.0,BAYNE CONSTRUCTION INC,P O BOX 360,AUBURN,Placer,95604,,A| B| C21,CLEAR,12/31/2025,
OFFERING,1-888-Generac,generacpowerproducts.com,5,BRONZE,0,0,25,0,1,Generac,1,NO,784858.0,JRH CONSTRUCTION COMPANY INC,17795 SKY PARK CIRCLE STE J,IRVINE,Orange,92614,,A| B| C-8| C17| D34,CLEAR,09/30/2026,
OFFERING,1-888-Generac,generacpowerproducts.com,5,BRONZE,0,0,25,0,1,Generac,1,NO,789358.0,RPA AND SONS CONSTRUCTION LLC,205 CAMINO SAN CLEMENTE,SAN CLEMENTE,Orange,92672,,B| C10,CLEAR,12/31/2025,
OFFERING,1-888-Generac,generacpowerproducts.com,5,BRONZE,0,0,25,0,1,Generac,1,NO,875099.0,FONTAINE ROOFING,586 N BATAVIA ST,ORANGE,Orange,91868,,B| C39| C43,CLEAR,05/31/2027,
OFFERING,1-888-Generac,generacpowerproducts.com,5,BRONZE,0,0,25,0,1,Generac,1,NO,875177.0,M W D SPECIALISTS,25795 JEFFERSON AVE STE 130,MURRIETA,Riverside,92562,,B| C-6,CLEAR,03/31/2026,
OFFERING,1-888-Generac,generacpowerproducts.com,5,BRONZE,0,0,25,0,1,Generac,1,NO,891635.0,ALL AIRE HEATING A/C & REFRIGERATION,1854 MARIELLE PLACE UNIT 612,CHULA VISTA,San Diego,91913,,C20| C38,CLEAR,07/31/2027,
OFFERING,1-888-Generac,generacpowerproducts.com,5,BRONZE,0,0,25,0,1,Generac,1,NO,913045.0,BECHTEL INFRASTRUCTURE AND POWER CORPORATION,12011 SUNSET HILLS DR #110,RESTON,,20190,,A| B| C10,CLEAR,03/31/2026,
OFFERING,1-888-Generac,generacpowerproducts.com,5,BRONZE,0,0,25,0,1,Generac,1,NO,923488.0,UNITED ELECTRICAL INC,5552 CERRITOS AVENUE SUITE F,CYPRESS,Orange,90630,,C10| C12,CLEAR,10/31/2026,
OFFERING,1-888-Generac,generacpowerproducts.com,5,BRONZE,0,0,25,0,1,Generac,1,NO,929115.0,M D EXTREME BUILDERS,45330 ANDALE AVENUE,LANCASTER,Los Angeles,93535,,B| C36,CLEAR,02/28/2027,
OFFERING,1-888-Generac,generacpowerproducts.com,5,BRONZE,0,0,25,0,1,Generac,1,NO,939661.0,VALLEY GREEN-SCAPES INC,PO BOX 731592,SAN JOSE,Santa Clara,95173,,C27| D49,CLEAR,04/30/2027,
OFFERING,1-888-Generac,generacpowerproducts.com,5,BRONZE,0,0,25,0,1,Generac,1,NO,956086.0,A C R GLASS AND DOORS,8138 CAPWELL DRIVE,OAKLAND,Alameda,94621,,B| C17,CLEAR,11/30/2026,
OFFERING,1-888-Generac,generacpowerproducts.com,5,BRONZE,0,0,25,0,1,Generac,1,NO,963699.0,GX INC,P O BOX 731,CARPINTERIA,Santa Barbara,93014,,A| C12| C21,CLEAR,06/30/2027,
OFFERING,1-888-Generac,generacpowerproducts.com,5,BRONZE,0,0,25,0,1,Generac,1,NO,977249.0,JOHNSON CONTROLS SECURITY SOLUTIONS LLC,PO BOX 3042ATTN LICENSING DEPT,BOCA RATON,,33431,,C-7| C10,CLEAR,09/30/2026,
OFFERING,1-888-Generac,generacpowerproducts.com,5,BRONZE,0,0,25,0,1,Generac,1,NO,977486.0,SUNRISE ENERGY SOLUTIONS INC,P O BOX 3070,GRANITE BAY,Placer,95746,,B| C46,CLEAR,10/31/2026,
OFFERING,1-888-Generac,generacpowerproducts.com,5,BRONZE,0,0,25,0,1,Generac,1,NO,986952.0,GNB CONSTRUCTION & PAINTING INC,3529 W COMMONWEALTH AVE #Y,FULLERTON,Orange,92833,,B| C33,CLEAR,08/31/2026,
OFFERING,1-888-Generac,generacpowerproducts.com,5,BRONZE,0,0,25,0,1,Generac,1,NO,996073.0,DALTON AND SON'S ELECTRIC,3449 CORWIN CT,LOOMIS,Placer,95650,,B| C-6| C10,CLEAR,08/31/2026,
FITCH ELECTRIC INC,(925) 684-8932,fitchelectric.com,5,BRONZE,0,0,25,0,1,Generac,1,NO,1067658.0,FITCH ELECTRIC INC,7059 COMMERCE CIR SUITE B,PLEASANTON,Alameda,94588,(925) 684 8932,B| C10,CLEAR,03/31/2026,9256848932
SHANE ELLETT ELECTRIC LLC,(831) 239-6635,seelectric.net,5,BRONZE,0,0,25,0,1,Generac,1,NO,880002.0,SHANE ELLETT ELECTRIC LLC,12788 HIGHWAY 9 STE 2,BOULDER CREEK,Santa Cruz,95006,(831) 239 6635,C10,CLEAR,03/31/2027,8312396635
WILSON ELECTRIC,(669) 300-1333,wilsonelectric.works,5,BRONZE,0,0,25,0,1,Generac,1,NO,1058620.0,WILSON ELECTRIC,14680 BEAR CREEK RD,BOULDER CREEK,Santa Cruz,95006,(669) 300 1333,C10,CLEAR,09/30/2027,6693001333
WOODING ELECTRIC,(408) 748-9663,woodlingelectric.com,5,BRONZE,0,0,25,0,1,Generac,1,NO,680882.0,WOODING ELECTRIC,3390 DE LA CRUZ BLVD SUITE N,SANTA CLARA,Santa Clara,95054,(408) 748 9663,C10,CLEAR,11/30/2027,4087489663
ANTHONY LEWIS INC,(408) 217-8621,anthonylewisinc.com,5,BRONZE,0,0,25,0,1,Generac,1,NO,851107.0,LEWIS ANTHONY INCORPORATED,386 S GENEVIEVE LANE,SAN JOSE,Santa Clara,95128,(408) 217 8621,B| C10,CLEAR,08/31/2027,4082178621
RISSAKHANI,(408) 892-2453,rissakhani.com,5,BRONZE,0,0,25,0,1,Generac,1,NO,886018.0,RISSAKHANI,606 ALTINO BLVD,SAN JOSE,Santa Clara,95136,(408) 892 2453,A| C27,CLEAR,10/31/2026,4088922453
BINGO ELECTRIC,(408) 214-0775,bingoelectric.com,5,BRONZE,0,0,25,0,1,Generac,1,NO,1076855.0,BINGO ELECTRIC,17775 NAVAJO TRAIL,LOS GATOS,Santa Clara,95033,(408) 214 0775,C10,CLEAR,06/30/2027,4082140775
"SNELL ELECTRIC, INC.",(925) 820-5268,snellelectric.com,5,BRONZE,0,0,25,0,1,Generac,1,NO,948899.0,SNELL ELECTRIC INC,2415 SAN RAMON VALLEY BLV#4109,SAN RAMON,Contra Costa,96583,(925) 820 5268,C10,CLEAR,06/30/2026,9258205268
"R PRO ELECTRIC, INC.",(510) 876-3522,rproelectric.com,5,BRONZE,0,0,25,0,1,Generac,1,NO,1007184.0,R PRO ELECTRIC INC,43639 ELLSWORTH ST,FREMONT,Alameda,94539,(510) 876 3522,C10,CLEAR,07/31/2026,5108763522
FISHER ELECTRIC INC.,(831) 345-7463,fisherelectricinc.com,5,BRONZE,0,0,25,0,1,Generac,1,NO,631964.0,FISHER ELECTRIC INC,35 BUTTERMILK LANE,SCOTTS VALLEY,Santa Cruz,95066,(831) 345 7463,C10| C46,CLEAR,04/30/2026,8313457463
"GREEN STATE ELECTRIC, LLC",(408) 455-8142,greenstateelectric.com,5,BRONZE,0,0,25,0,1,Generac,1,NO,993422.0,GREEN STATE ELECTRIC CO,P O BOX 1998,LOS GATOS,Santa Clara,95031,(408) 455 8142,C10,CLEAR,06/30/2026,4084558142
ROEMKE ELECTRIC INC.,(831) 247-1700,roemkeelectric.com,5,BRONZE,0,0,25,0,1,Generac,1,NO,896861.0,ROEMKE ELECTRIC INC,891 PROSPECT HTS,SANTA CRUZ,Santa Cruz,95065,(831) 247 1700,C10,CLEAR,05/31/2027,8312471700
JGA ELECTRIC,(323) 842-6507,jgaelectric.com,5,BRONZE,0,0,25,0,1,Generac,1,NO,1032418.0,JGA ELECTRIC,11647 BLIX STREET #6,NORTH HOLLYWOOD,Los Angeles,91602,(323) 842 6507,C10,CLEAR,08/31/2027,3238426507
RICO'S ELECTRIC INC,(310) 326-8500,ricoselectricinc.com,5,BRONZE,0,0,25,0,1,Generac,1,NO,835387.0,NUWORLD AUTOMATION & LIGHTING,P O BOX 1171,LOMITA,Los Angeles,90717,(310) 326 8500,C10,CLEAR,10/31/2025,3103268500
CROWN ELECTRIC,(626) 255-1206,crown-electrics.com,5,BRONZE,0,0,25,0,1,Generac,1,NO,896124.0,CROWN ELECTRIC,1752 N ALLEN AVENUE,PASADENA,Los Angeles,91104,(626) 255 1206,C10,CLEAR,05/31/2027,6262551206
"LEONE ELECTRIC, INC.",(562) 795-5754,leoneelectric.com,5,BRONZE,0,0,25,0,1,Generac,1,NO,794439.0,LEONE ELECTRIC INC,10841 BLOOMFIELD,LOS ALAMITOS,Orange,90720,(562) 795 5754,C10,CLEAR,04/30/2027,5627955754
ZERO ELECTRIC,(626) 621-0701,zeroelectricinc.com,5,BRONZE,0,0,25,0,1,Generac,1,NO,1090189.0,ZERO ELECTRIC,1191 HUNTINGTON DR #144,DUARTE,Los Angeles,91010,(626) 621 0701,C10,CLEAR,04/30/2026,6266210701
"BEC ELECTRIC, INC.",(714) 890-1602,callexcalibur.com,5,BRONZE,0,0,25,0,1,Generac,1,NO,871067.0,SERVICE LION PLUMBING HEATING AIR ELECTRIC,PO BOX 339,BREA,Orange,92822,(714) 890 1602,C10| C20| C36,CLEAR,01/31/2026,7148901602
EAGLE ELECTRIC CONSTRUCTION INC,(818) 343-8402,eagleelectricllc.com,5,BRONZE,0,0,25,0,1,Generac,1,NO,738968.0,EAGLE ELECTRIC CONSTRUCTION INC,18256 CALVERT STREET,TARZANA,Los Angeles,91335,(818) 343 8402,B| C10,CLEAR,12/31/2026,8183438402
ELITE GENERATORS INC,(818) 718-0200,elitegeneratorsinc.com,5,BRONZE,0,0,25,0,1,Generac,1,NO,467587.0,ELITE GENERATORS INC,9800 TOPANGA CYN BLVDSTE D PMB 297,CHATSWORTH,Los Angeles,91311,(818) 718 0200,C10,CLEAR,07/31/2026,8187180200
"A.L.M. ELECTRIC, LLC",(805) 915-7609,almelectriccompany.com,5,BRONZE,0,0,25,0,1,Generac,1,NO,1109672.0,A L M ELECTRIC LLC,2061 LYSANDER AVE,SIMI VALLEY,Ventura,93065,(805) 915 7609,C10,CLEAR,09/30/2027,8059157609
MEDITERRANEAN HEATING & AIR INC,(818) 884-1414,medheatair.com,5,BRONZE,0,0,25,0,1,Generac,1,NO,386605.0,MEDITERRANEAN HEATING & AIR CONDITIONING INC,21450 STRATHERN ST,CANOGA PARK,Los Angeles,91304,(818) 884 1414,B| C-2| C10| C20| C36,CLEAR,01/31/2026,8188841414
"SID'S ELECTRIC, INC.",(818) 606-4924,sidselectric.net,5,BRONZE,0,0,25,0,1,Generac,1,NO,959452.0,SID'S ELECTRIC INC,PO BOX 8240,NORTHRIDGE,Los Angeles,91327,(818) 606 4924,C10,CLEAR,05/31/2027,8186064924
PACIFICSKY SOLAR LLC,(818) 223-8344,pacificskysolar.com,5,BRONZE,0,0,25,0,1,Generac,1,NO,1004379.0,PACIFICSKY SOLAR LLC,20640 BAHAMA ST UNIT B,CHATSWORTH,Los Angeles,91311,(818) 223 8344,C10| C46,CLEAR,06/30/2027,8182238344
PEAK POWER ELECTRIC INC.,(310) 457-9348,peakpowerelectric.com,5,BRONZE,0,0,25,0,1,Generac,1,NO,365831.0,PEAK POWER ELECTRIC INC,30765 PACIFIC COAST HWYSTE 365,MALIBU,Los Angeles,90265,(310) 457 9348,C10,CLEAR,07/31/2027,3104579348
CALIBAY CONSTRUCTION INC,(818) 984-6835,calibayconstruction.com,5,BRONZE,0,0,25,0,1,Generac,1,NO,1083116.0,CALIBAY ELECTRIC AND SECURITY INC,6320 TOPANGA CYN BLVDSTE 1630-751,WOODLAND HILLS,Los Angeles,91367,(818) 984 6835,C-7| C10,CLEAR,10/31/2027,8189846835
THE ELECTRIC TOUCH INC,(818) 509-0000,theelectrictouchco.com,5,BRONZE,0,0,25,0,1,Generac,1,NO,469771.0,ELECTRIC TOUCH CO THE,425 DENA DRIVE,NEWBURY PARK,Ventura,91320,(818) 509 0000,C-7| C10,CLEAR,02/28/2027,8185090000
TOTALLY WIRED ELECTRIC,(818) 889-1229,totallywiredelectric.com,5,BRONZE,0,0,25,0,1,Generac,1,NO,558076.0,TOTALLY WIRED ELECTRIC,31360 VIA COLINAS SUITE 105,WESTLAKE VILLAGE,Ventura,91362,(818) 889 1229,C10,CLEAR,02/28/2027,8188891229
"POWER FUSION, INC",(818) 213-9067,powerfusioninc.com,5,BRONZE,0,0,25,0,1,Generac,1,NO,1023352.0,POWER FUSION INC,2828 COCHRAN STREET #310,SIMI VALLEY,Ventura,93065,(818) 213 9067,C10| C20,CLEAR,05/31/2027,8182139067
RR ELECTRIC HEATING & AIR,(805) 522-1268,rrelectrichvac.com,5,BRONZE,0,0,25,0,1,Generac,1,NO,714651.0,R R ELECTRIC HEATING & AIR,331 SCIENCE DR,MOORPARK,Ventura,93021,(805) 522 1268,C10| C20| C36,CLEAR,11/30/2026,8055221268
"THOR ELECTRIC, INC.",(805) 813-1472,thor-electric.net,5,BRONZE,0,0,25,0,1,Generac,1,NO,979351.0,THOR ELECTRIC INC,3337 CORPUS CHRISTI STREET,SIMI VALLEY,Ventura,93063,(805) 813 1472,C10,CLEAR,05/31/2027,8058131472
"C1 ELECTRIC, INC.",(805) 732-3374,c1electric.com,5,BRONZE,0,0,25,0,1,Generac,1,NO,1060947.0,C1 ELECTRIC INC,52 CALLE LA SOMBRA,CAMARILLO,Ventura,93010,(805) 732 3374,C10,CLEAR,10/31/2026,8057323374
MULICK CONSTRUCTION AND DESIGN INC,(818) 889-0440,mulickconstruction.com,5,BRONZE,0,0,25,0,1,Generac,1,NO,372231.0,MULICK CONSTRUCTION AND DESIGN INC,1476 DORSET AVENUE,THOUSAND OAKS,Ventura,91360,(818) 889 0440,B| C10,CLEAR,06/30/2027,8188890440
"BRIGHT BULBS ELECTRIC CO, INC.",(909) 912-5000,brightbulbselectric.com,5,BRONZE,0,0,25,0,1,Generac,1,NO,1004286.0,BRIGHT BULBS ELECTRIC CO INC,164 EXCELSIOR WY,UPLAND,San Bernardino,91786,(909) 912 5000,B| C10,CLEAR,06/30/2027,9099125000
DAVE WILLIAMS PLUMB & ELECTRIC INC.,(760) 296-1397,dwpeinc.com,5,BRONZE,0,0,25,0,1,Generac,1,NO,924755.0,DAVE WILLIAMS PLUMBING & ELECTRICAL INC,75-140 ST CHARLES PLACE STE C,PALM DESERT,Riverside,92211,(760) 296 1397,C10| C16| C36,CLEAR,11/30/2026,7602961397
THE WATCHLIGHT CORPORATION,(619) 442-9595,watchlight.com,5,BRONZE,0,0,25,0,1,Generac,1,NO,594919.0,WATCHLIGHT CORPORATION THE,111 S MARSHALL AVE,EL CAJON,San Diego,92020,(619) 442 9595,C-7| C10,CLEAR,05/31/2026,6194429595
BRI ELECTRIC,(760) 485-6464,bri-electric.com,5,BRONZE,0,0,25,0,1,Generac,1,NO,593845.0,BRI ELECTRIC,4653 CARMEL MOUNTAIN RDSTE 308 - 502,SAN DIEGO,San Diego,92130,(760) 485 6464,C10,CLEAR,03/31/2027,7604856464
CREST UTILITIES INC,(619) 445-0500,crestelectricinc.com,5,BRONZE,0,0,25,0,1,Generac,1,NO,873818.0,CREST ELECTRIC,P O BOX 692,ALPINE,San Diego,91903,(619) 445 0500,C10,CLEAR,03/31/2026,6194450500
O'COYNE ELECTRIC INC.,(619) 992-1632,ocoyneelectric.com,5,BRONZE,0,0,25,0,1,Generac,1,NO,1009321.0,O'COYNE ELECTRIC INC,1820 JOE CROSSON DR STE A,EL CAJON,San Diego,92020,(619) 992 1632,C10,Work Comp Susp,12/31/2025,6199921632
SKELLY ELECTRIC INC.,(760) 480-4400,skellyelectric.com,5,BRONZE,0,0,25,0,1,Generac,1,NO,328332.0,SKELLY ELECTRIC INC,440 NORTH HALE AVE,ESCONDIDO,San Diego,92029,(760) 480 4400,C10,CLEAR,11/30/2026,7604804400
SUN RAY ELECTRIC,(760) 737-7650,sunraygenerators.com,5,BRONZE,0,0,25,0,1,Generac,1,NO,619556.0,SUN RAY ELECTRIC INC,390 STATE PLACE,ESCONDIDO,San Diego,92029,(760) 737 7650,C10,CLEAR,05/31/2027,7607377650
ECLECTIC ELECTRIC,(310) 560-2937,socalelectrichub.com,5,BRONZE,0,0,25,0,1,Generac,1,NO,987835.0,ECLECTIC ELECTRIC,934 PARK DRIVE,ESCONDIDO,San Diego,92029,(310) 560 2937,C10,CLEAR,10/31/2027,3105602937
"PLUMB365, INC.",(760) 999-9990,plumb365inc.com,5,BRONZE,0,0,25,0,1,Generac,1,NO,1055296.0,PLUMB365 CONSTRUCTION,1445 DESCANSO AVE,SAN MARCOS,San Diego,92069,(760) 999 9990,B| C36,CLEAR,06/30/2027,7609999990
MODERNIZE POWER,(916) 293-5900,modernizepower.com,5,BRONZE,0,0,25,0,1,Generac,1,NO,1007601.0,MODERNIZE CONSTRUCTION INC,9477 GREENBACK LANE #112,FOLSOM,Sacramento,95630,(916) 293 5900,B| C10| C46,CLEAR,09/30/2027,9162935900
PERFORMANCE HEATING & A/C,(916) 933-2683,performanceheatingandairconditioning.com,5,BRONZE,0,0,25,0,1,Generac,1,NO,734980.0,PERFORMANCE HEATING & AIR CONDITIONING,3000 CRYSTAL SUMMIT RD,POLLOCK PINES,El Dorado,95726,(916) 933 2683,C10| C20,CLEAR,05/31/2027,9169332683
MODERN EDISON INC,(586) 850-2533,modernedisonelectric.com,5,BRONZE,0,0,25,0,1,Generac,1,NO,1014512.0,MODERN EDISON ELECTRIC,916 E ST,SACRAMENTO,Sacramento,95814,(586) 850 2533,C10,CLEAR,02/28/2026,5868502533
"MAGIC SUN ELECTRIC, INC.",(916) 794-0448,magicsunelectric.com,5,BRONZE,0,0,25,0,1,Generac,1,NO,950165.0,MAGIC SUN ELECTRIC INC,P O BOX 795,LOOMIS,Placer,95650,(916) 794 0448,B| C10,CLEAR,03/31/2026,9167940448
CONSTANT POWER CORPORATION,(714) 746-1131,constantpowercorporation.com,5,BRONZE,0,0,25,0,1,Generac,1,NO,1009605.0,CONSTANT POWER CORPORATION,133 EAST DE LA GUERRA STE 390,SANTA BARBARA,Santa Barbara,93101,(714) 746 1131,C10,CLEAR,12/31/2025,7147461131
"VICK HOUSTON'S CONSTRUCTION, INC",(949) 610-7707,vickhouston.com,5,BRONZE,0,0,25,0,1,Generac,1,NO,911289.0,VICK HOUSTON'S CONSTRUCTION,PO BOX 800,NEWPORT BEACH,Orange,92661,(949) 610 7707,B| C10,CLEAR,04/30/2026,9496107707
PELICAN COAST ELECTRIC,(949) 706-4957,pelicancoastelectric.com,5,BRONZE,0,0,25,0,1,Generac,1,NO,1133193.0,PELICAN COAST ELECTRIC,9226 LOCOST AVE,FONTANA,San Bernardino,92335,(949) 706 4957,C10,CLEAR,02/28/2027,9497064957
LAGUNA ELECTRIC INC,(949) 350-4607,lagunaelectricinc.com,5,BRONZE,0,0,25,0,1,Generac,1,NO,1012135.0,LAGUNA ELECTRIC INC,352 3RD STREET SUITE 307,LAGUNA BEACH,Orange,92651,(949) 350 4607,C10,CLEAR,03/31/2026,9493504607
ACE ELECTRIC,(951) 279-2812,aceelectricusa.com,5,BRONZE,0,0,25,0,1,Generac,1,NO,566063.0,ACE ELECTRIC,P O BOX 78928,CORONA,Riverside,92877,(951) 279 2812,C10,CLEAR,04/30/2027,9512792812
"GILL'S ELECTRIC CO, INC",(510) 451-2929,,5,BRONZE,0,0,25,0,1,Generac,1,NO,195222.0,GILL'S ELECTRIC,909 7TH STREET,OAKLAND,Alameda,94607,(510) 451 2929,C10,CLEAR,06/30/2026,5104512929
MOFFITT ELECTRIC,(510) 708-9703,,5,BRONZE,0,0,25,0,1,Generac,1,NO,1116355.0,MOFFITT ELECTRIC,2483 AMERICAN AVE,HAYWARD,Alameda,94545,(510) 708 9703,C10,CLEAR,02/28/2026,5107089703
4 E TELLEZ ELECTRIC INC,(510) 375-7526,,5,BRONZE,0,0,25,0,1,Generac,1,NO,1042547.0,4 E TELLEZ ELECTRIC INC,923 SHERIDAN ST,VALLEJO,Solano,94590,(510) 375 7526,C10,CLEAR,08/31/2026,5103757526
ALWAYS CURRENT ELECTRIC,(831) 234-8553,,5,BRONZE,0,0,25,0,1,Generac,1,NO,1024590.0,ALWAYS CURRENT ELECTRIC,14765 WEST PARK AVE,BOULDER CREEK,Santa Cruz,95006,(831) 234 8553,C10,CLEAR,03/31/2027,8312348553
"ANYS, INC",(408) 446-4141,,5,BRONZE,0,0,25,0,1,Generac,1,NO,837437.0,NEKO ELECTRIC,400 REED ST #5,SANTA CLARA,Santa Clara,95050,(408) 446 4141,C10,CLEAR,06/30/2026,4084464141
UNIQUE POWER ELECTRIC,(408) 796-2537,,5,BRONZE,0,0,25,0,1,Generac,1,NO,1072869.0,UNIQUE POWER ELECTRIC,848 POLLARD RD,LOS GATOS,Santa Clara,95032,(408) 796 2537,C10,CLEAR,01/31/2027,4087962537
AVANT ELECTRIC INC,(408) 688-1546,,5,BRONZE,0,0,25,0,1,Generac,1,NO,1045987.0,AVANT ELECTRIC INC,3141 STEVENS CREEK BLVD #121,SAN JOSE,Santa Clara,95117,(408) 688 1546,C10,CLEAR,04/30/2027,4086881546
WOLFE ELECTRIC CO.,(408) 614-4375,,5,BRONZE,0,0,25,0,1,Generac,1,NO,1030720.0,WOLFE ELECTRIC CO,1626 WALTERS AVE,CAMPBELL,Santa Clara,95008,(408) 614 4375,C10,CLEAR,02/28/2026,4086144375
FLAUTT ELECTRIC INC,(831) 212-1603,,5,BRONZE,0,0,25,0,1,Generac,1,NO,1097060.0,FLAUTT ELECTRIC INC,P.O. BOX 341,CAPITOLA,Santa Cruz,95010,(831) 212 1603,C10,CLEAR,09/30/2026,8312121603
ALTERNATIVE POWER AND ELECTRIC,(408) 605-3084,,5,BRONZE,0,0,25,0,1,Generac,1,NO,1086918.0,ALTERNATIVE POWER AND ELECTRIC,PO BOX 41,SARATOGA,Santa Clara,95071,(408) 605 3084,C10,CLEAR,02/28/2026,4086053084
KOJAK INC,(831) 335-9193,,5,BRONZE,0,0,25,0,1,Generac,1,NO,449012.0,MOUNTAIN MECHANICAL SERVICE COMPANY,6576 HIGHWAY 9,FELTON,Santa Cruz,95018,(831) 335 9193,B| C10| C20,CLEAR,10/31/2026,8313359193
DAVENPORT ELECTRIC,(310) 486-3042,,5,BRONZE,0,0,25,0,1,Generac,1,NO,946743.0,DAVENPORT ELECTRIC,2270 SEPULVEDA BLVD 46,TORRANCE,Los Angeles,90501,(310) 486 3042,C10,CLEAR,06/30/2027,3104863042
POWER NET ELECTRIC INC.,(818) 588-1787,,5,BRONZE,0,0,25,0,1,Generac,1,NO,1037507.0,SKY POWER CO,4949 TYRONE AVE UNIT 8C,SHERMAN OAKS,Los Angeles,91423,(818) 588 1787,C10,CLEAR,03/31/2026,8185881787
"DELTA QUALITY ELECTRIC, INC.",(818) 433-9709,,5,BRONZE,0,0,25,0,1,Generac,1,NO,963944.0,DELTA QUALITY ELECTRIC INC,19 RED BUD TRL,ROUND ROCK,,78665,(818) 433 9709,C10,CLEAR,08/31/2027,8184339709
SOTRES ELECTRIC LLC,(310) 259-8087,,5,BRONZE,0,0,25,0,1,Generac,1,NO,1070186.0,SOTRES ELECTRIC,7740 BAIRNSDALE STREET,DOWNEY,Los Angeles,90240,(310) 259 8087,C10,CLEAR,10/31/2026,3102598087
"MAGNETTA ELECTRIC, INC",(310) 867-0132,,5,BRONZE,0,0,25,0,1,Generac,1,NO,940346.0,MAGNETTA ELECTRIC INC,3020 SHASTA CIR S,LOS ANGELES,Los Angeles,90065,(310) 867 0132,C10,CLEAR,10/31/2027,3108670132
277 ELECTRIC,(310) 864-9728,,5,BRONZE,0,0,25,0,1,Generac,1,NO,888225.0,277 ELECTRIC,3201 EAST 61ST STREET,LONG BEACH,Los Angeles,90805,(310) 864 9728,C10,CLEAR,12/31/2026,3108649728
BY THE BOOK ELECTRIC INC.,(310) 321-2698,,5,BRONZE,0,0,25,0,1,Generac,1,NO,1073667.0,BY THE BOOK ELECTRIC INC,15143 GERKIN AVE,LAWNDALE,Los Angeles,90260,(310) 321 2698,C10,CLEAR,03/31/2027,3103212698
"EG & DA CONSTRUCTION CO., INC.",(818) 749-2217,,5,BRONZE,0,0,25,0,1,Generac,1,NO,903307.0,E G & D A CONSTRUCTION CO INC,1333 N LAMER ST,BURBANK,Los Angeles,91506,(818) 749 2217,B| C10| C33,CLEAR,09/30/2027,8187492217
"ELECTRICITY, INC.",(747) 800-1133,,5,BRONZE,0,0,25,0,1,Generac,1,NO,1064018.0,ELECTRICITY INC,POBOX 731,SUN VALLEY,Los Angeles,91353,(747) 800 1133,C10,CLEAR,03/31/2026,7478001133
PROPERTY POWER BACKUP,(310) 926-1742,,5,BRONZE,0,0,25,0,1,Generac,1,NO,1102448.0,PULEV ARTYOM,6842 RANCHITO AVENUE,VAN NUYS,Los Angeles,91405,(310) 926 1742,B| C10,CLEAR,03/31/2027,3109261742
"EXPERT ELECTRIC GROUP, INC",(747) 999-6090,,5,BRONZE,0,0,25,0,1,Generac,1,NO,1059106.0,EXPERT ELECTRIC GROUP INC,22704 VENTURA BLVD #475,WOODLAND HILLS,Los Angeles,91364,(747) 999 6090,C10,CLEAR,10/31/2027,7479996090
VOLTAIC ELECTRIC INC,(818) 625-6267,,5,BRONZE,0,0,25,0,1,Generac,1,NO,1075372.0,VOLTAIC ELECTRIC INC,7112 INDEPENDENCE AVE,CANOGA PARK,Los Angeles,91303,(818) 625 6267,C10,CLEAR,04/30/2027,8186256267
BC ELECTRIC,(747) 900-3573,,5,BRONZE,0,0,25,0,1,Generac,1,NO,986282.0,BC ELECTRIC,2940 DEACON ST 32,SIMI VALLEY,Ventura,93065,(747) 900 3573,C10,CLEAR,08/31/2027,7479003573
MCS ELECTRIC INC.,(818) 370-1456,,5,BRONZE,0,0,25,0,1,Generac,1,NO,1008888.0,SANFELIPPO MAXIMILIANO CARLOS ELECTRIC,3990 HEMWAY COURT,SIMI VALLEY,Ventura,93063,(818) 370 1456,C10,CLEAR,11/30/2025,8183701456
JOVIC CONSTRUCTION INC,(760) 641-1624,,5,BRONZE,0,0,25,0,1,Generac,1,NO,874560.0,JOVIC CONSTRUCTION INC,291 E FRANKLIN AVE,POMONA,Los Angeles,91766,(760) 641 1624,B| C46,CLEAR,09/30/2027,7606411624
IMC ELECTRIC CO.,(626) 922-1964,,5,BRONZE,0,0,25,0,1,Generac,1,NO,1093184.0,IMC ELECTRIC CO,439 N PASADENA AVE,GLENDORA,Los Angeles,91741,(626) 922 1964,C10,CLEAR,06/30/2026,6269221964
TRIPLE S ELECTRIC,(619) 448-1488,,5,BRONZE,0,0,25,0,1,Generac,1,NO,789493.0,TRIPLE S ELECTRIC,8851 PROSPECT AVENUE,SANTEE,San Diego,92017,(619) 448 1488,C10,CLEAR,09/30/2027,6194481488
NATIONWIDE ENVIRONMENTAL,(916) 708-7445,,5,BRONZE,0,0,25,0,1,Generac,1,NO,1005757.0,NATIONWIDE SUN,4470 YANKEE HILL RD #200,ROCKLIN,Placer,95677,(916) 708 7445,A| ASB| B| C10| C27| C39| HAZ,CLEAR,07/31/2027,9167087445
NATIONWIDE ENVIRONMENTAL,(916) 708-7445,,5,BRONZE,0,0,25,0,1,Generac,1,NO,998989.0,NATIONWIDE SECURE,4470 YANKEE HILL RD #200,ROCKLIN,Placer,95677,(916) 708 7445,A| ASB| B| C10| C27| C39| HAZ,CLEAR,12/31/2026,9167087445
TYLER PARRISH LLC,(916) 798-9079,,5,BRONZE,0,0,25,0,1,Generac,1,NO,1095926.0,PARRISH TYLER LLC,820 SACRAMENTO AVE APT 123,WEST SACRAMENTO,Yolo,95605,(916) 798 9079,A| C10,CLEAR,08/31/2026,9167989079
COX ELECTRIC,(916) 955-1529,,5,BRONZE,0,0,25,0,1,Generac,1,NO,1038609.0,COX ELECTRIC,9806 MIRA DEL RIO DR,SACRAMENTO,Sacramento,95827,(916) 955 1529,C10,CLEAR,04/30/2026,9169551529
NEW DAY CONSULTING,(949) 236-1557,,5,BRONZE,0,0,25,0,1,Generac,1,NO,1114141.0,NEW DAY HVAC,8250 CALVINE RD C158,SACRAMENTO,Sacramento,95828,(949) 236 1557,C10| C20,CLEAR,06/30/2026,9492361557
ROOSTER ELECTRIC,(916) 273-2300,,5,BRONZE,0,0,25,0,1,Generac,1,NO,1122582.0,ROOSTER ELECTRIC CO,6850 RED MAPLE WAY,CITRUS HEIGHTS,Sacramento,95610,(916) 273 2300,C10,CLEAR,06/30/2026,9162732300
JAM INTERNATIONAL INC.,(949) 338-4558,,5,BRONZE,0,0,25,0,1,Generac,1,NO,798905.0,J A M INTERNATIONAL INC,34145 PACIFIC COAST HWY 225,DANA POINT,Orange,92629,(949) 338 4558,B| C10,CLEAR,08/31/2027,9493384558
"Z ELECTRIC AND LIGHTING, LLC",(949) 287-2740,,5,BRONZE,0,0,25,0,1,Generac,1,NO,1014449.0,Z ELECTRIC AND LIGHTING,10031 CRAILET DR,HUNTINGTON BEACH,Orange,92646,(949) 287 2740,C10,CLEAR,05/31/2026,9492872740
A.E.F. ELECTRIC INC.,(951) 808-5402,,5,BRONZE,0,0,25,0,1,Generac,1,NO,704883.0,A E F ELECTRIC INC,3627 PARK HILL DRIVE,CORONA,Riverside,92881,(951) 808 5402,C10,CLEAR,01/31/2027,9518085402
