name,phone,domain,website,city,state,zip,oem_source,scraped_from_zip,license_number,license_type,license_status,license_state,license_tier,license_expiration_date
"ABC HOME & COMMERCIAL SERVICES, INC",(512) 837-9500,abchomeandcommercial.com,https://www.abchomeandcommercial.com/austin,in,TX,78724.0,Generac,78701,1300,Electrical,Active,TX,BULK,2026-05-19
TRUSERV ENERGY SOLUTIONS,(214) 945-0790,truservenergy.com,https://www.truservenergy.com/,plano,TX,75093.0,Generac,75201,1377,Electrical,Active,TX,BULK,2026-05-31
WEEKS SERVICE CO,(281) 332-9555,weeksservicecompany.com,https://weeksservicecompany.com/electrical/generator-installation/,s league city,TX,77573.0,Generac,77002,17036,Electrical,Active,TX,BULK,2026-07-13
PRUITT ELECTRIC CO OF ARLINGTON INC,(817) 478-8869,pruittelectric.net,https://www.pruittelectric.net/,kennedale,TX,76060.0,Generac,76102,17071,Electrical,Active,TX,BULK,2026-03-12
COLWELL ELECTRIC,(713) 849-4427,colwellelectric.com,https://www.colwellelectric.com/,on,TX,77040.0,Generac,77019,17352,Electrical,Active,TX,BULK,2026-02-02
"ZUBRAS ELECTRIC, INC.",(214) 319-6900,zubraselectric.com,https://www.zubraselectric.com/,ive dallas,TX,75227.0,Generac,75201,17356,Electrical,Active,TX,BULK,2026-07-23
"Ttg Electric Co., Inc. - Killeen",254 526-7284,,,Killeen,TEXAS,76549.0,Cummins,2101,17420,Electrical,Active,TX,BULK,2026-07-23
Freedom Enterprises Electrical & Generator Service,5128459777,,,AUSTIN,TX,78748.0,Briggs & Stratton,78701,17510,Electrical,Active,TX,BULK,2026-10-29
ARI-TEX ELECTRIC INC,(972) 727-9902,,,allen,TX,75002.0,Generac,75201,17608,Electrical,Active,TX,BULK,2026-07-26
CIRCLE A ELECTRIC INC.,(817) 625-0880,,,saginaw,TX,76131.0,Generac,76102,17781,Electrical,Active,TX,BULK,2026-07-26
ARI-TEX ELECTRIC INC,(972) 727-9902,,,allen,TX,75002.0,Generac,75201,17844,Electrical,Active,TX,BULK,2026-07-26
"FACILITIES ELECTRIC, INC",(713) 647-6767,facilitieselectric.com,https://www.facilitieselectric.com/,on,TX,77041.0,Generac,77002,17881,Electrical,Active,TX,BULK,2026-07-28
Commercial Electric - Lubbock,806 797-6721,commercialelectrictx.com,https://www.commercialelectrictx.com/,Lubbock,TEXAS,79404.0,Cummins,2101,18449,Electrical,Active,TX,BULK,2026-08-13
Daystar Electric - Flint,903 534-5850,daystar-electric.com,https://www.daystar-electric.com/,Flint,TEXAS,75762.0,Cummins,2101,18568,Electrical,Active,TX,BULK,2026-08-18
Bradford Brothers - Houston,281 449-7226,,,Houston,TEXAS,77093.0,Cummins,36601,18679,Electrical,Active,TX,BULK,2026-08-20
Bosworth Company - Midland / The Bosworth Company,4326835233,bosworthco.com,https://bosworthco.com/,Midland,TX,79706.0,Mitsubishi,77002,18700,Electrical,Active,TX,BULK,2026-08-20
POWER SOURCE ELECTRIC,(210) 924-3434,powersourcetx.com,https://www.powersourcetx.com/,san antonio,TX,78220.0,Generac,78201,18742,Electrical,Active,TX,BULK,2025-12-10
Triangle Electric Company - Amarillo,806 376-9950,,,Amarillo,TEXAS,79102.0,Cummins,2101,18914,Electrical,Active,TX,BULK,2026-08-26
ARS OF HOUSTON,(713) 777-7777,ars.com,https://www.ars.com/,on,TX,77041.0,Generac,77002,19006,Electrical,Active,TX,BULK,2026-08-27
"Cable Electric, Inc.",8175951055,cableelectric.com,http://www.cableelectric.com/,NORTH RICHLAND HILLS,TX,76180.0,Briggs & Stratton,75201,19202,Electrical,Active,TX,BULK,2026-09-05
W & A Electric Service Company - Conroe,936 441-4275,arkgenerators.com,https://www.arkgenerators.com/,Conroe,TEXAS,77304.0,Cummins,2101,19700,Electrical,Active,TX,BULK,2026-11-16
American Services - Hockley,281 355-9100,buyamericanservices.com,https://www.buyamericanservices.com/,Hockley,TEXAS,77447.0,Cummins,2101,19746,Electrical,Active,TX,BULK,2025-12-01
"RPE ENTERPRISES, LLC",(512) 652-8463,,,kyle,TX,78640.0,Generac,78701,19901,Electrical,Active,TX,BULK,2026-10-04
"A. FULLER ELECTRIC, INC",(281) 499-5333,afullerelectric.com,https://www.afullerelectric.com/,,TX,77477.0,Generac,77019,19989,Electrical,Active,TX,BULK,2026-09-23
"SYMCY SERVICES, LLC",(210) 417-5319,,,e,TX,78163.0,Generac,78201,20294,Electrical,Active,TX,BULK,2026-09-02
"SUGAR LAND ELECTRIC, LLC",(832) 363-3221,sugarlandelectric.com,https://www.sugarlandelectric.com/,reviews  po b,ox,16400.0,Generac,77002,20310,Electrical,Active,TX,BULK,2026-01-07
"DUVALL ELECTRIC, INC.",(512) 599-4061,duvallelectric.com,https://www.duvallelectric.com/,in,TX,78757.0,Generac,78701,20485,Electrical,Active,TX,BULK,2026-09-29
MALLORY ENTERPRISES INC,(512) 301-9111,malcoelectric.com,https://www.malcoelectric.com/,in,TX,78737.0,Generac,78701,20588,Electrical,Active,TX,BULK,2026-11-23
A.C. ELECTRIC LLC,(512) 444-9700,acelectricaustin.com,https://acelectricaustin.com/,in,TX,78737.0,Generac,78701,20902,Electrical,Active,TX,BULK,2026-12-02
THE OSCAR W. LARSON COMPANY,(817) 319-6103,jbielectric.com,https://jbielectric.com/,fort worth,TX,76137.0,Generac,76102,20921,Electrical,Active,TX,BULK,2026-01-23
Jack Spring Electrical Contractors Inc. - Shreveport,318 865-6225,jackspringelectric.com,https://www.jackspringelectric.com/,Shreveport,LOUISIANA,71106.0,Cummins,2101,21020,Electrical,Active,TX,BULK,2026-01-12
"ALLIED ELECTRIC SERVICES, INC.",(512) 930-0767,alliedelectric.us,https://alliedelectric.us/,georgetown,TX,78626.0,Generac,78730,21659,Electrical,Active,TX,BULK,2026-02-26
HERNANDEZ ELECTRICAL SERVICES INC,(972) 313-3885,hernandezelectrical.com,https://hernandezelectrical.com/,irby lane irving,TX,75061.0,Generac,75201,22315,Electrical,Active,TX,BULK,2026-07-31
ABSOLUTE PWR ELECTRIC CONTRACTORS,(210) 647-3138,absolute-pwr.com,https://www.absolute-pwr.com/,san antonio,TX,78249.0,Generac,78201,22434,Electrical,Active,TX,BULK,2026-08-27
GENERATORS BY WIRED,(713) 467-1125,generatorsbywired.com,https://www.generatorsbywired.com/,tomball,TX,77377.0,Generac,77002,22809,Electrical,Active,TX,BULK,2026-10-05
EXTREME POWER SERVICES,(832) 467-8800,extremepowerservices.com,https://www.extremepowerservices.com/,on,TX,77041.0,Generac,77002,22864,Electrical,Active,TX,BULK,2025-12-18
EXCELL ELECTRIC,(214) 391-0040,excellelectric.com,https://www.excellelectric.com/certified-generac-services,dallas,TX,75218.0,Generac,75201,22899,Electrical,Active,TX,BULK,2026-11-16
HARTER ELECTRIC SERVICE INC,(817) 831-2531,,,haltom city,TX,76117.0,Generac,76102,23122,Electrical,Active,TX,BULK,2026-03-06
"ABC HOME & COMMERCIAL SERVICES, INC",(512) 837-9500,abchomeandcommercial.com,https://www.abchomeandcommercial.com/austin,in,TX,78724.0,Generac,78701,23492,Electrical,Active,TX,BULK,2026-05-04
BLACKBELT COMPANY,(210) 862-9189,,,w ansley san antonio,TX,78221.0,Generac,78201,23539,Electrical,Active,TX,BULK,2026-07-31
EVANS ELECTRIC LLC,(817) 845-2247,,,arlington,TX,76006.0,Generac,76102,23954,Electrical,Active,TX,BULK,2026-09-28
NEW PARTNERS COMMUNITY SOLAR,9999999999,npsolar.org,http://www.npsolar.org/,WASHINGTON,DC,20001.0,Briggs & Stratton,21201,24296,Electrical,Active,TX,BULK,2026-10-10
TREMMEL ELECTRIC,(214) 551-9484,tremmelelectric.com,https://www.tremmelelectric.com/,ano,TX,75025.0,Generac,75201,24304,Electrical,Active,TX,BULK,2026-08-26
"THE LENTZ COMPANIES, INC.",(972) 241-0622,lentzservices.com,https://lentzservices.com/,indian trail dallas,TX,75229.0,Generac,75201,24390,Electrical,Active,TX,BULK,2026-04-07
FLYIN R ELECTRIC,(682) 229-4590,flyinrelectric.com,https://flyinrelectric.com/,aledo,TX,76008.0,Generac,76102,24572,Electrical,Active,TX,BULK,2026-06-18
"ECHO ELECTRICAL SERVICES, INC",(817) 903-2482,echoelectricalservices.com,https://echoelectricalservices.com/,e d pantego,TX,76013.0,Generac,75201,24698,Electrical,Active,TX,BULK,2026-10-21
"GENTEX GENERATORS, LLC",(512) 461-2077,,,spicewood,TX,78669.0,Generac,78701,24831,Electrical,Active,TX,BULK,2026-03-12
ASPIRE SALES & ELECTRICAL SERV. LLC,(281) 242-2471,aspiresales.net,https://www.aspiresales.net/,,TX,77477.0,Generac,77002,25185,Electrical,Active,TX,BULK,2026-02-05
TEXAS ELECTRICAL RESI CONTRS LLC,(713) 721-4669,texelectrical.com,https://texelectrical.com/,on,TX,77085.0,Generac,77002,25383,Electrical,Active,TX,BULK,2026-05-02
"POWER AND CONTROL INSTALLATIONS, INC.",9047621522,paci-inc.com,http://paci-inc.com/,JACKSONVILLE,FL,32211.0,Briggs & Stratton,32202,25398,Electrical,Active,TX,BULK,2026-08-22
"PURCELL ELECTRIC, INC.",(512) 829-8219,purcelltx.generacdealers.com,https://purcelltx.generacdealers.com/,ipping springs,TX,78620.0,Generac,78701,25468,Electrical,Active,TX,BULK,2026-09-03
"Millerco, Inc. - Gulfport",228 832-3352,millercoinc.com,https://millercoinc.com/,Gulfport,MISSISSIPPI,39503.0,Cummins,33101,25694,Electrical,Active,TX,BULK,2026-04-14
Carlisle Power Systems Inc - Waxahachie,972 351-9064,carlislepowersystems.com,https://www.carlislepowersystems.com/,Waxahachie,TEXAS,75165.0,Cummins,2101,25954,Electrical,Active,TX,BULK,2026-01-13
Stewart Power Services Llc - Bossier City,318 747-5605,,,Bossier City,LOUISIANA,71111.0,Cummins,2101,25996,Electrical,Active,TX,BULK,2025-12-30
EP Mechanical Technologies,9155441550,,,El Paso,TX,79901.0,Mitsubishi,79901,26009,Electrical,Active,TX,BULK,2026-02-27
"SMITH ELECTRIC & SIGNS, LLC",(214) 328-8797,smithelectricsigns.com,https://smithelectricsigns.com/,garland,TX,75043.0,Generac,75201,26129,Electrical,Active,TX,BULK,2026-02-04
"GENERATOR SUPERCENTER, INC",(281) 251-6100,generatorsupercenter.com,https://www.generatorsupercenter.com/,tomball,TX,77375.0,Generac,77024,26130,Electrical,Active,TX,BULK,2026-04-02
WILLIAMS ELECTRIC & HVAC,(817) 523-5353,williamselectrichvac.com,https://williamselectrichvac.com/,springtown,TX,76082.0,Generac,76107,26220,Electrical,Active,TX,BULK,2026-04-16
"CANO ELECTRIC, INC.",(682) 626-5311,,,fort worth,TX,76118.0,Generac,76102,26346,Electrical,Active,TX,BULK,2026-06-05
Mico Environmental Solutions L.L.C. - Houston,281 502-0062,,,Houston,TEXAS,77339.0,Cummins,36601,26366,Electrical,Active,TX,BULK,2024-06-14
ASSURANCE ELECTRIC LLC,(281) 997-2512,,,pearland,TX,77581.0,Generac,77002,26545,Electrical,Active,TX,BULK,2026-09-18
"PANTHER ELECTRIC, INC.",(281) 332-7561,pantherelectric.net,https://www.pantherelectric.net/,w league city pkwy league city,TX,77573.0,Generac,77002,26609,Electrical,Active,TX,BULK,2026-10-11
"DEEM, LLC",3178602990,deemfirst.com,https://deemfirst.com/,Fishers,IN,46037.0,Mitsubishi,46201,26773,Electrical,Active,TX,BULK,2026-11-06
ADIS ELECTRIC LLC,(214) 613-1000,,,ano,TX,75075.0,Generac,75201,26917,Electrical,Active,TX,BULK,2026-02-23
CROSS ELECTRIC LLC,(817) 847-7111,,,fort worth,TX,76179.0,Generac,76102,26929,Electrical,Active,TX,BULK,2026-01-21
TMCO/TEMPERATURE MAINTENANCE CO INC,(713) 294-2151,,,on,TX,77026.0,Generac,77002,27372,Electrical,Active,TX,BULK,2025-12-31
A & A GENPRO INC.,(713) 830-3280,aagenpro.com,https://www.aagenpro.com/,on,TX,77041.0,Generac,77002,27430,Electrical,Active,TX,BULK,2026-07-13
Bart Wilson Electrical Service,9038241620,,,Jefferson,TX,75657.0,Briggs & Stratton,71101,27635,Electrical,Active,TX,BULK,2026-02-05
"CITYWIDE ELECTRIC, LLC",(210) 857-0899,citywideelectric.net,https://www.citywideelectric.net/,san antonio,TX,78250.0,Generac,78201,28247,Electrical,Active,TX,BULK,2026-06-24
Bnk Generator Services - Gilmer,903 746-1058,bnkservices.com,https://bnkservices.com/,Gilmer,TEXAS,75644.0,Cummins,2101,28302,Electrical,Active,TX,BULK,2026-08-18
O T ELECTRIC LLC,(832) 256-1570,otelectric-htx.com,https://www.otelectric-htx.com/,on,TX,77089.0,Generac,77002,29082,Electrical,Active,TX,BULK,2026-09-05
HOWARD ELECTRIC,(979) 966-9159,,,reet dallas,TX,75218.0,Generac,75201,29147,Electrical,Active,TX,BULK,2026-09-25
PRINCIPAL ELECTRICAL CONTRACTOR LLC,(713) 895-9606,,,on,TX,77080.0,Generac,77002,29344,Electrical,Active,TX,BULK,2025-12-22
"Gogen Services, Inc. - Sulphur",337 527-5599,,,Sulphur,LOUISIANA,70663.0,Cummins,33101,29425,Electrical,Active,TX,BULK,2026-02-11
STORM GUARDIAN GENERATORS,(281) 648-2177,stormgg.com,https://www.stormgg.com/,in,TX,78734.0,Generac,78701,29470,Electrical,Active,TX,BULK,2025-03-07
AUSTIN GENERATOR SERVICE,(512) 251-2247,austingenerator.net,https://www.austingenerator.net/,in,TX,78728.0,Generac,78701,29729,Electrical,Active,TX,BULK,2024-07-25
TeraVolt Energy,2103748372,,,NEW BRAUNFELS,CA,78132.0,Briggs & Stratton,78201,29751,Electrical,Active,TX,BULK,2026-08-12
RUIZ ELECTRICAL SERVICES LLC,(832) 470-3507,,,spring,TX,77386.0,Generac,77002,29835,Electrical,Active,TX,BULK,2026-09-26
HMR ELECTRICAL CONTRACTING LLC,3182264510,hmrelectricalla.com,http://www.hmrelectricalla.com/,SHREVEPORT,LA,71107.0,Briggs & Stratton,71101,29867,Electrical,Active,TX,BULK,2026-07-11
"AMPOLOGY ELECTRICAL SERVICES, LLC",(512) 518-3791,,,in,TX,78753.0,Generac,78701,29870,Electrical,Active,TX,BULK,2026-10-17
South Texas Solar Systems,2108295420,txsolarsystems.com,http://www.txsolarsystems.com/,San Antonio,TX,78217.0,SMA Solar,78701,30019,Electrical,Active,TX,BULK,2026-02-12
"BRADFORD BROTHERS UNDERGROUND SERVICE, INC.",5123000839,bradfordline.com,http://www.bradfordline.com/,AUSTIN,TX,78754.0,Briggs & Stratton,78701,30117,Electrical,Active,TX,BULK,2026-03-13
DM ELECTRICAL AND CONSTRUCTION LLC,(346) 773-4920,dmelectricalinc.com,https://dmelectricalinc.com/,on,TX,77081.0,Generac,77002,30363,Electrical,Active,TX,BULK,2026-08-07
GELDARD TECHNOLOGIES LLC,(817) 838-8787,,,haltom city,TX,76117.0,Generac,75229,30421,Electrical,Active,TX,BULK,2025-11-30
R SQUARED ELECTRIC LLC,(214) 803-7207,rsquaredelectric.com,https://rsquaredelectric.com/,dallas,TX,75211.0,Generac,75201,30463,Electrical,Active,TX,BULK,2026-03-18
DEFINITE ELECTRIC LLC,(832) 580-9613,definiteelectric.com,https://definiteelectric.com/,on,TX,77248.0,Generac,77002,30500,Electrical,Active,TX,BULK,2026-05-12
GONZALEZ ELECTRICAL CONTRACTOR,(210) 589-3976,,,po b,ox,24028.0,Generac,78201,30525,Electrical,Active,TX,BULK,2026-12-09
PCI ELECTRICAL,(281) 797-1997,pcielectricalservices.com,https://pcielectricalservices.com/,humble,TX,77347.0,Generac,77002,30544,Electrical,Active,TX,BULK,2025-12-20
SAVIOR ELECTRIC  LLC,(817) 266-2146,,,fort worth,TX,76116.0,Generac,76102,30705,Electrical,Active,TX,BULK,2026-01-27
RELIABLE ELECTRIC,(281) 414-8416,reliableelectrictx.com,https://www.reliableelectrictx.com/,on,TX,77057.0,Generac,77002,30839,Electrical,Active,TX,BULK,2026-05-23
"Glj  Electric, Llc - Levelland",806 782-5033,gljelectric.com,https://www.gljelectric.com/,Levelland,TEXAS,79336.0,Cummins,2101,30863,Electrical,Active,TX,BULK,2026-04-06
"Generator Exchange, Llc - Spring",281 885-8000,,,Spring,TEXAS,77386.0,Cummins,36601,31004,Electrical,Active,TX,BULK,2026-10-18
Grasten Technologies - Conroe,281 259-6500,,,Conroe,TEXAS,77385.0,Cummins,36601,31032,Electrical,Active,TX,BULK,2026-06-23
DODSON ELECTRIC & CONSTRUCTION LLC,(817) 682-3455,dodsonelectric.com,https://www.dodsonelectric.com/,haslet,TX,76052.0,Generac,76102,31266,Electrical,Active,TX,BULK,2026-10-10
"JM ENGINEERING, LLC",(512) 614-0226,jm-engineer.com,https://www.jm-engineer.com/,round rock,TX,78665.0,Generac,78701,31295,Electrical,Active,TX,BULK,2026-10-29
HUNTER SERVICE GROUP,(210) 701-0192,hunterservicegroup.com,https://www.hunterservicegroup.com/,san antonio,TX,78249.0,Generac,78201,31355,Electrical,Active,TX,BULK,2026-11-19
ELECTRIC DISTRIBUTION & DESIGN SYST,(214) 679-5458,,,dallas,TX,75243.0,Generac,75201,31359,Electrical,Active,TX,BULK,2026-11-20
OFF GRID ENTERPRISES,4058989190,offgridenterprises.org,http://www.offgridenterprises.org/,NORMAN,OK,73026.0,Briggs & Stratton,73101,31460,Electrical,Active,TX,BULK,2026-01-08
E.K.I. Electric - Missouri City,281 913-9101,ekiconsultinggroup.com,https://ekiconsultinggroup.com/,Missouri City,TEXAS,77459.0,Cummins,36601,31511,Electrical,Active,TX,BULK,2026-05-18
TEAM ENOCH,(817) 888-8880,,,fort worth,TX,76120.0,Generac,75201,31529,Electrical,Active,TX,BULK,2026-02-05
AARON'S ELECTRICAL SERVICE INC,2817190464,aaronselectricalservice.com,http://www.aaronselectricalservice.com/,SPRING,TX,77386.0,Briggs & Stratton,77001,31569,Electrical,Active,TX,BULK,2026-02-25
Elevation Solar,4804924232,poweredbyelevation.com,http://www.poweredbyelevation.com/,San Jose,CA,95113.0,SMA Solar,94024,31577,Electrical,Active,TX,BULK,2026-02-23
DIETRICH ELECTRICAL SERVICES LLC,(210) 387-7949,dietrichelectricalservices.com,https://www.dietrichelectricalservices.com/,helotes,TX,78023.0,Generac,78201,31582,Electrical,Active,TX,BULK,2026-04-11
VOLTEX ELECTRIC AND GENERATOR LLC,(713) 355-7816,,,on,TX,77075.0,Generac,77002,31679,Electrical,Active,TX,BULK,2026-04-18
DELTA ELECTRIC COMPANY OF BATON ROUGE INC,2253588226,deltaelectricco.com,http://www.deltaelectricco.com/,BATON ROUGE,LA,70812.0,Briggs & Stratton,70801,31769,Electrical,Active,TX,BULK,2024-05-19
CASANOVA ELECTRIC CORP,(210) 318-6169,,,powell san antonio,TX,78204.0,Generac,78201,31805,Electrical,Active,TX,BULK,2026-05-19
E3 Electrical - Houma,985 223-0778,,,Houma,LOUISIANA,70360.0,Cummins,33101,31905,Electrical,Active,TX,BULK,2026-06-24
Beacon Generators Llc - Granbury,817 559-0142,,,Granbury,TEXAS,76049.0,Cummins,2101,32187,Electrical,Active,TX,BULK,2026-11-14
"TIPCO A/C & ELECTRICAL, LLC",(281) 245-5970,,,on,TX,77047.0,Generac,77002,32208,Electrical,Active,TX,BULK,2026-05-20
"TriSMART Solar (Houston, TX)",888-485-5551,trismartsolar.com,http://www.trismartsolar.com,,TX,nan,Enphase,77002,32259,Electrical,Active,TX,BULK,2026-12-12
DKD ENERGY,(512) 766-4556,dkdenergy.com,https://www.dkdenergy.com/,in,TX,78737.0,Generac,78701,32463,Electrical,Active,TX,BULK,2026-03-10
HARWAY ELECTRIC,(817) 308-2002,harway-electric.com,https://harway-electric.com/,burleson,TX,76028.0,Generac,76102,32515,Electrical,Active,TX,BULK,2026-03-29
A-Lectric Company And Contracting Llc. - Shreveport,318 469-3883,,,Shreveport,LOUISIANA,71107.0,Cummins,2101,32578,Electrical,Active,TX,BULK,2026-04-25
Armstrong Mechanical - Lubbock,8067474217,bettercallarmstrong.com,https://bettercallarmstrong.com/,Lubbock,TX,79404.0,Mitsubishi,77002,32611,Electrical,Active,TX,BULK,2026-05-08
Circle L Solar,(817) 945-2011,circlelsolar.com,https://www.circlelsolar.com,,TX,nan,Tesla,76092,32697,Electrical,Active,TX,BULK,2026-06-01
"Brotherlylove Electric, LLC",3467773370,brotherlyloveelectric.com,http://www.brotherlyloveelectric.com/,Pinehurst,TX,77362.0,Briggs & Stratton,77001,32701,Electrical,Active,TX,BULK,2026-05-11
"Ferezco Power Systems, Llc - Poteet",830 742-8680,,,Poteet,TEXAS,78065.0,Cummins,2101,32703,Electrical,Active,TX,BULK,2026-08-14
UNITY ELECTRICAL SERVICES LLC,(713) 999-1890,unityservices.team,https://www.unityservices.team/,cypress,TX,77429.0,Generac,77002,32730,Electrical,Active,TX,BULK,2026-06-13
GENERATORS OF HOUSTON,(713) 812-7285,generatorsofhouston.generacdealers.com,https://generatorsofhouston.generacdealers.com/,on,TX,77070.0,Generac,77002,32828,Electrical,Active,TX,BULK,2026-07-21
EPIC INDUSTRIES,(682) 478-6088,epicelectrical.com,https://www.epicelectrical.com/,north richland hills,TX,76182.0,Generac,76102,33192,Electrical,Active,TX,BULK,2026-06-18
TEXAS ELITE GENERATORS,(832) 309-2398,texaselitegenerators.com,https://www.texaselitegenerators.com/,hutto,TX,78634.0,Generac,78701,33404,Electrical,Active,TX,BULK,2026-02-28
RISE POWER LLC,(855) 747-3769,risepower.energy,https://risepower.energy/,son,TX,75081.0,Generac,75201,33493,Electrical,Active,TX,BULK,2026-04-04
GENERATOR AUTHORITY,(817) 984-3600,,,azle,TX,76020.0,Generac,76102,33662,Electrical,Active,TX,BULK,2026-06-05
BLUE DIAMOND M.E.P.,(512) 371-1888,bluediamondmep.com,https://bluediamondmep.com/,hutto,TX,78634.0,Generac,78701,33694,Electrical,Active,TX,BULK,2026-06-24
MORGAN AIR SERVICES LLC MORGAN PRO SERVI,(713) 466-7426,morganproservices.com,https://www.morganproservices.com/,on,TX,77092.0,Generac,77002,33752,Electrical,Active,TX,BULK,2026-08-12
INLAND MARINE ELECTRICAL SERVICES,(817) 907-8797,inlandmarineelectricalservices.com,https://www.inlandmarineelectricalservices.com/,joshua,TX,76058.0,Generac,76102,33767,Electrical,Active,TX,BULK,2026-03-08
YUKER ELECTRIC LLC,(210) 278-2572,yukerelectricllc.com,https://www.yukerelectricllc.com/,silverwings spring branch,TX,78070.0,Generac,78209,33834,Electrical,Active,TX,BULK,2026-08-23
SIVLEY AND SON'S ELECTRIC,(832) 816-3061,,,katy,TX,77450.0,Generac,77002,33971,Electrical,Active,TX,BULK,2026-08-21
"CANTER POWER SYSTEMS, LLC",(336) 448-4000,canterpowersystems.com,https://canterpowersystems.com/,on,TX,77043.0,Generac,77002,33979,Electrical,Active,TX,BULK,2026-10-31
BREEZE MECHANICAL LLC,(817) 862-9856,breezeairandheat.com,https://breezeairandheat.com/,fort worth,TX,76118.0,Generac,76102,34012,Electrical,Active,TX,BULK,2026-11-20
P & L  Generators - Nacogdoches,936 554-5012,,,Nacogdoches,TEXAS,75965.0,Cummins,2101,34013,Electrical,Active,TX,BULK,2026-02-05
DOB ELECTRIC LLC,(281) 895-3685,dobelectric.com,https://www.dobelectric.com/,on,TX,77084.0,Generac,77024,34018,Electrical,Active,TX,BULK,2026-11-29
CHAMPION AC LLC,(210) 888-9506,championac.com,https://www.championac.com/,university oak san antonio,TX,78249.0,Generac,78201,34080,Electrical,Active,TX,BULK,2026-01-23
AC DC ELECTRICAL SERVICES INC,(512) 573-0777,,,liberty hill,TX,78642.0,Generac,78730,34147,Electrical,Active,TX,BULK,2026-01-29
ESA SYSTEMS LLC,(713) 828-9657,esas-llc.com,https://www.esas-llc.com/,ribbon creek san antonio,TX,78238.0,Generac,78201,34150,Electrical,Active,TX,BULK,2026-02-17
"Precision & Integrity Electric Construction, Inc - Apple Springs",936 635-4992,p-ielectric.com,https://www.p-ielectric.com/,Apple Springs,TEXAS,75926.0,Cummins,2101,34286,Electrical,Active,TX,BULK,2026-03-15
NRG Clean Power Inc.,(800) 698-6627,nrgcleanpower.com,https://www.nrgcleanpower.com,,CA,nan,Tesla,94027,34328,Electrical,Active,TX,BULK,2026-03-26
WADE ELECTRICAL GROUP INC,9404658159,wadeelectricalgroup.com,http://www.wadeelectricalgroup.com/,SANGER,TX,76266.0,Briggs & Stratton,76101,34391,Electrical,Active,TX,BULK,2026-09-29
5G ELECTRIC LLC,(210) 609-5909,,,san antonio,TX,78207.0,Generac,78201,34569,Electrical,Active,TX,BULK,2026-06-15
HUTTO ELECTRICAL SERVICES LLC,(512) 905-9727,huttoelectricalservices.com,https://huttoelectricalservices.com/,reet hutto,TX,78634.0,Generac,78701,34653,Electrical,Active,TX,BULK,2026-07-26
TEXAS ENGINEERED SOLAR LLC,2105161604,txensolar.com,http://www.txensolar.com/,SAN ANTONIO,TX,78233.0,Briggs & Stratton,78201,34731,Electrical,Active,TX,BULK,2026-09-06
G. O. ELECTRICAL LLC,(214) 884-8227,goelectricalllc.com,https://goelectricalllc.com/,,TX,76054.0,Generac,76102,34744,Electrical,Active,TX,BULK,2026-09-12
Total Comfort Mechanical - Nj,7325270091,york.dispatch.me,https://york.dispatch.me/booking/times?externalorganizationid=200414919&optional_checked=true,Eatontown,New Jersey,7724.0,York,7740,34820,Electrical,Active,TX,BULK,2026-10-22
AirCraft Inc,5128361690,aircraftinc.net,https://aircraftinc.net/,Round Rock,TX,78664.0,Mitsubishi,77002,34825,Electrical,Active,TX,BULK,2026-10-23
GENERATOR SUPERCENTER OF AUSTIN,(512) 765-4101,generatorsupercenter.com,https://www.generatorsupercenter.com/,e cedar park,TX,78613.0,Generac,78701,34892,Electrical,Active,TX,BULK,2026-12-02
DYNAMIC SLR INC,(972) 521-6014,dynamicslr.com,https://dynamicslr.com/,son,TX,75082.0,Generac,75201,34989,Electrical,Active,TX,BULK,2026-01-28
BEAR ELECTRIC LLC,(512) 698-2404,,,leander,TX,78641.0,Generac,78701,34992,Electrical,Active,TX,BULK,2026-03-08
"DIAMONDBACK ELECTRICAL SERIVCES, LL",(210) 409-7271,diamondbackelectrical.com,https://diamondbackelectrical.com/,la vernia,TX,78121.0,Generac,78209,35003,Electrical,Active,TX,BULK,2026-02-10
SATX ELECTRIC LLC,(210) 201-3088,satxelectric.com,https://satxelectric.com/,san antonio,TX,78253.0,Generac,78201,35006,Electrical,Active,TX,BULK,2026-02-14
THE SHOCK DOC ELECTRICAL SRVCS LLC,(409) 739-3891,shockdocelectrical.com,https://www.shockdocelectrical.com/,unit a league city,TX,77573.0,Generac,77002,35194,Electrical,Active,TX,BULK,2026-04-09
Kaye Electric - Newton,316 283-0474,kayeelectic.com,https://www.kayeelectic.com/,Newton,KANSAS,67114.0,Cummins,2101,35222,Electrical,Active,TX,BULK,2026-02-02
CARRIERE HVAC-ELECTRIC INC,(832) 913-9261,,,katy,TX,77494.0,Generac,77024,35250,Electrical,Active,TX,BULK,2026-05-04
1 Kva Electric Co. Llc - Willis,936 648-5901,kva-co.com,https://www.kva-co.com/,Willis,TEXAS,77318.0,Cummins,2101,35251,Electrical,Active,TX,BULK,2026-05-05
MARTIN & MARTIN DESIGN ELECTRIC LLC,(214) 252-0692,,,dallas,TX,75220.0,Generac,75201,35291,Electrical,Active,TX,BULK,2026-07-21
Icon Power,(888) 777-3766,iconpwr.com,https://iconpwr.com/,,TX,nan,Tesla,77010,35350,Electrical,Active,TX,BULK,2026-07-16
VETERAN ELECTRICAL LLC,(619) 760-6260,,,ive heath,TX,75126.0,Generac,75201,35450,Electrical,Active,TX,BULK,2026-09-28
MEND SERVICES,(512) 206-3188,mendservices.com,https://www.mendservices.com/,in,TX,78747.0,Generac,78701,35517,Electrical,Active,TX,BULK,2026-10-19
GREEN LIGHT ELECTRIC,(210) 307-9847,,,revi,ew,11115.0,Generac,78201,35520,Electrical,Active,TX,BULK,2025-11-01
ICON POWER SOLUTIONS LLC,(832) 217-9126,iconpowersolutionsllc.com,https://www.iconpowersolutionsllc.com/,katy,TX,77449.0,Generac,77002,35536,Electrical,Active,TX,BULK,2026-10-26
Trizone Electric - Houston,713 870-4111,trizoneelectric.com,https://trizoneelectric.com/,Houston,TEXAS,77042.0,Cummins,36601,35571,Electrical,Active,TX,BULK,2026-11-09
ROBERT MONROE INTERESTS LLC.,(281) 880-8805,,,on,TX,77086.0,Generac,77002,35682,Electrical,Active,TX,BULK,2025-01-20
Texas Solar Professional LLC,(469) 581-0008,texassolar.pro,https://texassolar.pro,,TX,nan,Tesla,76092,35727,Electrical,Active,TX,BULK,2026-02-09
"BIG STAR ELECTRICAL, LLC",(832) 650-0601,bigstarenergy.com,https://www.bigstarenergy.com/,friendswood,TX,77546.0,Generac,77002,35919,Electrical,Active,TX,BULK,2026-04-11
STARLIGHT SOLAR,(713) 929-9454,starlightsolartexas.com,https://www.starlightsolartexas.com/,on,TX,77045.0,Generac,77002,35983,Electrical,Active,TX,BULK,2026-04-27
PREMIER POWER AND LIGHTING LLC,(214) 908-1129,,,paige bend hutto,TX,78634.0,Generac,78701,36048,Electrical,Active,TX,BULK,2026-08-16
"WESTCO ELECTRICAL SERVICES, LLC",(512) 949-0173,,,georgetown,TX,78628.0,Generac,78746,36148,Electrical,Active,TX,BULK,2026-06-22
LUX ELECTRIC LLC,(214) 908-1605,,,fort worth,TX,76107.0,Generac,76102,36154,Electrical,Active,TX,BULK,2026-06-23
TEX-PRO ELECTRICAL LLC,(281) 854-8714,,,missouri city,TX,77489.0,Generac,77002,36155,Electrical,Active,TX,BULK,2026-06-23
Strategic Electrical Solutions LLC,2282651355,trategicelectricalsolutions.com,http://trategicelectricalsolutions.com/,ANGLETON,TX,77515.0,Briggs & Stratton,77001,36240,Electrical,Active,TX,BULK,2026-07-29
"MULTIMEDIA SOLUTIONS, INC.",(972) 488-1084,multimediasolutionsgroup.com,https://multimediasolutionsgroup.com/,farmers branch,TX,75234.0,Generac,75201,36246,Electrical,Active,TX,BULK,2026-08-02
LT ELECTRIC,(512) 923-9354,,,pinseeker selma,TX,78154.0,Generac,78201,36262,Electrical,Active,TX,BULK,2026-04-30
SHEARER ELECTRIC COMPANY,(972) 288-9778,,,mesquite,TX,75149.0,Generac,75201,36351,Electrical,Active,TX,BULK,2026-08-30
SOLARUGREEN CORPORATION,(682) 718-4741,,,,TX,76053.0,Generac,75201,36710,Electrical,Active,TX,BULK,2026-11-06
"TEXADIA HOME TECHNOLOGIES, LLC",(214) 956-5820,texadiasystems.com,https://www.texadiasystems.com/,addison,TX,75001.0,Generac,75201,36724,Electrical,Active,TX,BULK,2026-01-06
NORTH TEXAS GENERATORS LLC,(817) 900-2714,northtxgen.com,https://northtxgen.com/,haslet,TX,76052.0,Generac,76102,36828,Electrical,Active,TX,BULK,2026-02-16
PARTICLE PRO ELECTRIC LLC,(346) 443-1681,particleproelectric.com,https://www.particleproelectric.com/,spring,TX,77373.0,Generac,77002,36847,Electrical,Active,TX,BULK,2026-02-26
Mico Environmental Solutions L.L.C. - Houston,281 502-0062,,,Houston,TEXAS,77339.0,Cummins,36601,36852,Electrical,Active,TX,BULK,2026-02-28
LIMITLESS ELECTRIC LLC,(936) 200-7165,limitlesselectric.online,https://limitlesselectric.online/,humble,TX,77346.0,Generac,77002,36854,Electrical,Active,TX,BULK,2026-03-01
"ES Solar, LLC",(801) 614-0606,essolar.com,https://essolar.com/,,CA,nan,Tesla,94027,36943,Electrical,Active,TX,BULK,2026-03-25
ALTERNATIVE HOME ENERGY/MAINT LLC,(214) 838-7157,althomeenergy.com,https://www.althomeenergy.com/,son,TX,75081.0,Generac,75201,36989,Electrical,Active,TX,BULK,2025-04-13
JTX ELECTRICAL LLC,(512) 663-7134,,,leander,TX,78641.0,Generac,78701,37015,Electrical,Active,TX,BULK,2026-04-20
4b Electric Inc - Weatherford,682 327-6623,4belectric.com,https://www.4belectric.com/,Weatherford,TEXAS,76088.0,Cummins,2101,37044,Electrical,Active,TX,BULK,2026-05-02
PREMIER GENERATORS OF TEXAS LLC,(214) 945-2525,premiergeneratorstx.com,https://premiergeneratorstx.com/,ano,TX,75074.0,Generac,75201,37068,Electrical,Active,TX,BULK,2026-05-13
GENERATOR SUPER CENTER-SAN ANTONIO,(210) 985-0150,generatorsupercenter.com,https://generatorsupercenter.com/locations/sanantonio-texas/,san antonio,TX,78217.0,Generac,78201,37130,Electrical,Active,TX,BULK,2026-05-20
"Cdl Electric Co., Llc - Pittsburg",620 231-6420,cdlelectric.com,https://cdlelectric.com/,Pittsburg,KANSAS,66762.0,Cummins,2101,37170,Electrical,Active,TX,BULK,2026-06-01
DYKES ELECTRIC,(512) 993-6584,dykeselectricco.com,https://dykeselectricco.com/,leander,TX,78641.0,Generac,78701,37189,Electrical,Active,TX,BULK,2026-06-09
"Tri-State Water, Power and  Air",5733391800,tristatewhywait.com,http://www.tristatewhywait.com/,BOSSIER CITY,LA,71111.0,Briggs & Stratton,71101,37250,Electrical,Active,TX,BULK,2026-06-29
Viper Electric Llc - Spring,832 246-2882,,,Spring,TEXAS,77389.0,Cummins,36601,37274,Electrical,Active,TX,BULK,2026-08-01
AL'S A.S.A.P. ELECTRIC COMPANY LLC,(936) 933-7144,alsasapelectric.com,https://alsasapelectric.com/,porter,TX,77365.0,Generac,77002,37392,Electrical,Active,TX,BULK,2026-09-04
HOLESHOT ELECTRIC LLC,(512) 548-6635,holeshotelec.com,https://www.holeshotelec.com/,liberty hill,TX,78642.0,Generac,78730,37447,Electrical,Active,TX,BULK,2026-10-24
SOLARTIME USA LLC,9726757725,solartimeusa.com,http://www.solartimeusa.com/,RICHARDSON,TX,75081.0,Briggs & Stratton,75201,37586,Electrical,Active,TX,BULK,2026-10-19
"PATRIOT SERVICES ELECTRIC, LLC",(713) 900-9140,,,katy,TX,77494.0,Generac,77024,37798,Electrical,Active,TX,BULK,2026-02-03
Gemstone Electric Llc - Kerrville,830 890-1879,gemstone-electric.com,https://gemstone-electric.com/,Kerrville,TEXAS,78028.0,Cummins,2101,37887,Electrical,Active,TX,BULK,2026-03-22
ESQUIVEL ELECTRICAL & LIGHTING LLC,(210) 708-3954,esquivelelectric.com,https://www.esquivelelectric.com/,espada bnd san antonio,TX,78222.0,Generac,78201,37930,Electrical,Active,TX,BULK,2026-04-02
"POWER SOLUTIONS SPECIALIST, LLC",(832) 448-0478,psstx.com,https://www.psstx.com/,tomball,TX,77375.0,Generac,77024,37931,Electrical,Active,TX,BULK,2026-03-31
POWERMEANS ELECT CONTRACTING INC,(737) 263-5823,powermeanstx.com,https://www.powermeanstx.com/,ipping springs,TX,78620.0,Generac,78701,37937,Electrical,Active,TX,BULK,2026-04-05
Msh Enterprises Llc - Kingsland,325 248-3215,mshpower.com,https://www.mshpower.com/,Kingsland,TEXAS,78639.0,Cummins,2101,38016,Electrical,Active,TX,BULK,2026-04-26
Eagle Solar Power,8179179965,,,MANSFIELD,TX,76063.0,Briggs & Stratton,75201,38038,Electrical,Active,TX,BULK,2026-04-27
TRUSERV ENERGY SOLUTIONS,(214) 945-0790,truservenergy.com,https://www.truservenergy.com/,plano,TX,75093.0,Generac,75201,38111,Electrical,Active,TX,BULK,2026-05-25
"A Star Heat & Air, Inc.",9724850813,,,Dallas,TX,75041.0,Mitsubishi,75201,38309,Electrical,Active,TX,BULK,2026-07-24
Treehouse,(323) 577-6795,pages.treehouse.pro,https://pages.treehouse.pro/tesla,,IL,nan,Tesla,60093,38321,Electrical,Active,TX,BULK,2026-07-25
"BRIGHT BULBS ELECTRIC CO, INC.",(909) 912-5000,brightbulbselectric.com,https://www.brightbulbselectric.com/,and,CA,91768.0,Generac,91101,38324,Electrical,Active,TX,BULK,2026-07-26
SPARK ELECTRICAL SERVICES LLC,(512) 497-2680,sparkelectricalservices.com,https://sparkelectricalservices.com/,del valle,TX,78617.0,Generac,78701,38400,Electrical,Active,TX,BULK,2026-08-18
GENERATOR SUPERCENTER WEATHERFORD,(817) 661-1500,generatorsupercenterofweatherford.com,https://www.generatorsupercenterofweatherford.com/,,TX,76087.0,Generac,76102,38511,Electrical,Active,TX,BULK,2026-09-26
"Orthodox Electric, Llc - Navasota",936 500-0739,orthodoxelectric.com,https://orthodoxelectric.com/,Navasota,TEXAS,77868.0,Cummins,2101,38638,Electrical,Active,TX,BULK,2026-10-27
"CURRENT POWER TECH- HOUSTON, LLC",(210) 934-1314,currentpowertechnologies.com,https://currentpowertechnologies.com/,on,TX,77055.0,Generac,77002,38660,Electrical,Active,TX,BULK,2026-11-06
CALLAHAN ELECTRIC LLC,(903) 440-2302,callahanelectric.us,https://callahanelectric.us/,elgin,TX,78621.0,Generac,78701,38695,Electrical,Active,TX,BULK,2025-11-27
"JAMES BLEND SERVICES, LLC",(512) 769-5005,jamesblendservices.com,https://www.jamesblendservices.com/,loch linnhe loop pflugerville,TX,78660.0,Generac,78701,38698,Electrical,Active,TX,BULK,2025-12-06
TRUE TX ELECTRIC LLC,(361) 548-4997,truetxelectric.com,https://truetxelectric.com/,helotes,TX,78023.0,Generac,78201,38750,Electrical,Active,TX,BULK,2026-01-03
"West Texas Mechanical & Electrical, Llc - Odessa",432 614-1224,,,Odessa,TEXAS,79764.0,Cummins,2101,39080,Electrical,Active,TX,BULK,2026-04-19
Frischhertz Electric Co. - New Orleans,504 482-1146,,,New Orleans,LOUISIANA,70119.0,Cummins,33101,39099,Electrical,Active,TX,BULK,2026-04-26
VENARI ELECTRIC LLC,(713) 594-1967,venarielectric.com,https://venarielectric.com/,la porte,TX,77571.0,Generac,77002,39226,Electrical,Active,TX,BULK,2026-05-30
NOMIC POWER SOLUTIONS,(512) 387-4232,nomicpower.com,https://www.nomicpower.com/,in,TX,78753.0,Generac,78701,39308,Electrical,Active,TX,BULK,2026-07-16
"VILLAGE PLUMBING, AIR AND ELECTRIC",(713) 526-1491,villageplumbing.com,https://www.villageplumbing.com/,on,TX,77041.0,Generac,77002,39310,Electrical,Active,TX,BULK,2026-07-18
"CSG COMPANIES, LLC",(214) 631-4820,wadeelect.com,https://www.wadeelect.com/,seagoville,TX,75159.0,Generac,75201,39363,Electrical,Active,TX,BULK,2026-08-19
"Pip Team, Inc. Dba Partners In Power - Lubbock",480 568-9581,,,Wolfforth,TEXAS,79382.0,Cummins,2101,39537,Electrical,Active,TX,BULK,2026-09-26
"TRIBECA PLUMBING, INC.",(214) 402-5454,tribecaplumbinginc.com,https://www.tribecaplumbinginc.com/,dallas,TX,75225.0,Generac,75201,39539,Electrical,Active,TX,BULK,2026-09-27
HONEST PLUMBING AND AIR,(512) 238-2058,honestairconditioning.biz,https://honestairconditioning.biz/,hutto,TX,78634.0,Generac,78701,39562,Electrical,Active,TX,BULK,2026-10-02
"Reinhold Electric, Inc. - St. Louis",314 631-1158,reinholdelectric.com,https://www.reinholdelectric.com/st-louis,St. Louis,MISSOURI,63125.0,Cummins,30301,39569,Electrical,Active,TX,BULK,2026-10-03
Mason Electric - Lovelady,936 348-8792,,,Lovelady,TEXAS,75851.0,Cummins,2101,39594,Electrical,Active,TX,BULK,2026-10-15
WILLIAMS ELECTRIC & HVAC,(817) 523-5353,williamselectrichvac.com,https://williamselectrichvac.com/,springtown,TX,76082.0,Generac,76107,39595,Electrical,Active,TX,BULK,2026-10-15
Hg Electric - Livingston,936 933-8116,,,Livingston,TEXAS,77351.0,Cummins,38101,39609,Electrical,Active,TX,BULK,2026-10-21
RESILIENT POWER,(214) 387-7878,friscoelectric.com,https://friscoelectric.com/,frisco,TX,75034.0,Generac,75205,39611,Electrical,Active,TX,BULK,2026-10-22
STORM GUARDIAN GENERATORS,(281) 648-2177,stormgg.com,https://www.stormgg.com/,in,TX,78734.0,Generac,78701,39696,Electrical,Active,TX,BULK,2026-11-18
MIDWAY ELECTRICAL GROUP LLC,(214) 681-4761,midwayelectricalgroup.com,https://midwayelectricalgroup.com/,dallas,TX,75248.0,Generac,75201,39741,Electrical,Active,TX,BULK,2025-12-03
Trustwave Electric Llc - Rosharon,281 576-1231,trustwaveelectric.com,https://www.trustwaveelectric.com/,Rosharon,TEXAS,77583.0,Cummins,36601,39862,Electrical,Active,TX,BULK,2026-01-23
ALTERNATIVE HOME ENERGY/MAINT LLC,(214) 838-7157,althomeenergy.com,https://www.althomeenergy.com/,son,TX,75081.0,Generac,75201,39988,Electrical,Active,TX,BULK,2026-02-20
210 ELECTRICAL LLC,(210) 677-9818,,,san antonio,TX,78233.0,Generac,78201,40001,Electrical,Active,TX,BULK,2026-02-24
AIRE SERV OF FORT WORTH,(817) 367-2473,aireserv.com,https://aireserv.com/ftworth,e b lake worth,TX,76135.0,Generac,76102,40036,Electrical,Active,TX,BULK,2026-03-04
Bell Mountain Solar,8013722488,,,Pleasant Grove ,UT,84062.0,SMA Solar,19901,40047,Electrical,Active,TX,BULK,2026-03-10
TOP TIER ELECTRICAL SERVICES LLC,(936) 900-7031,toptierelectricaltx.com,https://www.toptierelectricaltx.com/,humble,TX,77346.0,Generac,77002,40166,Electrical,Active,TX,BULK,2026-04-11
LAVALLEY HOME SERVICES LLC,(325) 248-9091,lavalleyservices.com,https://lavalleyservices.com/,kingwood,TX,77339.0,Generac,77002,40227,Electrical,Active,TX,BULK,2026-04-29
NIVO SOLAR LLC,(346) 425-0650,mynivohome.com,https://www.mynivohome.com/,on,TX,77043.0,Generac,77002,40396,Electrical,Active,TX,BULK,2026-06-19
EPX GROUP LLC,(737) 240-3344,,,georgetown,TX,78633.0,Generac,78730,40401,Electrical,Active,TX,BULK,2026-06-20
TEXAS ELITE GENERATORS,(832) 309-2398,texaselitegenerators.com,https://www.texaselitegenerators.com/,hutto,TX,78634.0,Generac,78701,40412,Electrical,Active,TX,BULK,2026-06-25
"JH ELECTRIC, LLC",(469) 734-4744,jhelectricdallas.com,https://jhelectricdallas.com/,frisco,TX,75035.0,Generac,75205,40606,Electrical,Active,TX,BULK,2026-08-19
Astrogen - Humble,832 429-8022,astrogenerators.com,https://www.astrogenerators.com/,Humble,TEXAS,77338.0,Cummins,36601,40607,Electrical,Active,TX,BULK,2026-08-19
Brubaker Builders Llc - Rockledge,321 608-4850,,,Rockledge,FLORIDA,32955.0,Cummins,33101,40688,Electrical,Active,TX,BULK,2026-09-12
Southern Air of Shreveport,3187981801,,,Shreveport,LA,71106.0,Mitsubishi,71101,40715,Electrical,Active,TX,BULK,2026-09-23
American Services - Hockley,281 355-9100,buyamericanservices.com,https://www.buyamericanservices.com/,Hockley,TEXAS,77447.0,Cummins,2101,40767,Electrical,Active,TX,BULK,2026-10-09
"SMITH ELECTRIC & SIGNS, LLC",(214) 328-8797,smithelectricsigns.com,https://smithelectricsigns.com/,garland,TX,75043.0,Generac,75201,18686,Electrical,Active,TX,BULK,2026-04-30
TMCO/TEMPERATURE MAINTENANCE CO INC,(713) 294-2151,,,on,TX,77026.0,Generac,77002,19252,Electrical,Active,TX,BULK,2026-06-12
